work_id,preferred_record_id,preferred_manifestation_rationale,source_record_count,source_record_ids_json,source_group_ids_json,title,title_normalized,authors,publication_year,doi,arxiv_id
WORK-5BB9AAEE9A32EB4E,REC-A90ED129C90C94AD,peer-reviewed manifestation; latest version breaks ties,1,"[""REC-A90ED129C90C94AD""]","[""arxiv:0710.4812"",""title_sha256:2e50da1f938c33ff""]",Area and Throughput Trade-Offs in the Design of Pipelined Discrete Wavelet Transform Architectures,area and throughput trade offs in the design of pipelined discrete wavelet transform architectures,Sandro V. Silva; Sergio Bampi,2007,,0710.4812
WORK-C3205BFDF5C04E9F,REC-AAB3600F00A60110,latest non-withdrawn preprint,1,"[""REC-AAB3600F00A60110""]","[""arxiv:0808.0247"",""title_sha256:805661552f0af5d8""]",A Public Key Block Cipher Based on Multivariate Quadratic Quasigroups,a public key block cipher based on multivariate quadratic quasigroups,Danilo Gligoroski; Smile Markovski; Svein Johan Knapskog,2008,,0808.0247
WORK-24BFFA21A0643E15,REC-61B0E818AB02E4D2,latest non-withdrawn preprint,1,"[""REC-61B0E818AB02E4D2""]","[""arxiv:0909.2795"",""title_sha256:550bfcaa1d81be28""]",Data reduction strategy of the Effelsberg-Bonn HI Survey (EBHIS),data reduction strategy of the effelsberg bonn hi survey ebhis,B. Winkel; J. Kerp; P. M. W. Kalberla,2009,,0909.2795
WORK-FC1372F8E0AF60D2,REC-E887FD9D5AB3827A,peer-reviewed manifestation; latest version breaks ties,1,"[""REC-E887FD9D5AB3827A""]","[""arxiv:1002.2312"",""doi:10.1088/0004-6256/139/4/1681"",""title_sha256:beec4f4f0a13afca""]",Rotation Measure Synthesis of Galactic Polarized Emission with the DRAO 26-m Telescope,rotation measure synthesis of galactic polarized emission with the drao 26 m telescope,M. Wolleben; T. L. Landecker; G. J. Hovey; R. Messing; O. S. Davison; N. L. House; K. H. M. S. Somaratne; I. Tashev,2010,10.1088/0004-6256/139/4/1681,1002.2312
WORK-253528675CBD2D66,REC-416B2DD45741AF37,peer-reviewed manifestation; latest version breaks ties,1,"[""REC-416B2DD45741AF37""]","[""arxiv:1005.4604"",""doi:10.1088/0067-0049/188/2/488"",""title_sha256:63cb9db82c860d71""]",The Effelsberg-Bonn HI Survey: Data reduction,the effelsberg bonn hi survey data reduction,B. Winkel; P. M. W. Kalberla; J. Kerp; L. Floeer,2010,10.1088/0067-0049/188/2/488,1005.4604
WORK-5D42908FE430A92F,REC-03C5614289D5B5ED,peer-reviewed manifestation; latest version breaks ties,1,"[""REC-03C5614289D5B5ED""]","[""arxiv:1006.2811"",""title_sha256:bd12f4ca3713eb3d""]",High Speed Reconfigurable FFT Design by Vedic Mathematics,high speed reconfigurable fft design by vedic mathematics,Ashish Raman; Anvesh Kumar; R. K. Sarin,2010,,1006.2811
WORK-8BE7E0A1396B63DF,REC-068D2E4C36E0A59F,latest non-withdrawn preprint,1,"[""REC-068D2E4C36E0A59F""]","[""arxiv:1007.2328"",""title_sha256:74f671f6cc6c000f""]",RFI mitigation for the Effelsberg-Bonn HI Survey (EBHIS),rfi mitigation for the effelsberg bonn hi survey ebhis,L. Flöer; B. Winkel; J. Kerp,2010,,1007.2328
WORK-22BF9F055EB3CBAD,REC-AAAC49C19C9048DC,latest non-withdrawn preprint,1,"[""REC-AAAC49C19C9048DC""]","[""arxiv:1008.1673"",""title_sha256:2cd3e2b7fde7f809""]",Space and the Synchronic A-Ram,space and the synchronic a ram,Alex V Berka,2010,,1008.1673
WORK-68A6CE0B4877390B,REC-CE62EB126433974E,peer-reviewed manifestation; latest version breaks ties,1,"[""REC-CE62EB126433974E""]","[""arxiv:1203.3972"",""doi:10.1051/0004-6361/201218864"",""title_sha256:5eafe0fbee036ce2""]",High-resolution wide-band Fast Fourier Transform spectrometers,high resolution wide band fast fourier transform spectrometers,Bernd Klein; Stefan Hochgürtel; Ingo Krämer; Andreas Bell; Klaus Meyer; Rolf Güsten,2012,10.1051/0004-6361/201218864,1203.3972
WORK-F1B1D6C896617E25,REC-B86DE6D6670ABBED,latest non-withdrawn preprint,1,"[""REC-B86DE6D6670ABBED""]","[""arxiv:1206.3332"",""title_sha256:b9fe81a28a9920c2""]",Inexpensive hardware and software for photon statistics and correlation spectroscopy,inexpensive hardware and software for photon statistics and correlation spectroscopy,Benjamin D. Gamari; Dianwen Zhang; Richard E. Buckman; Peker Milas; John S. Denker; Hui Chen; Hongmin Li; Lori S. Goldner,2012,,1206.3332
WORK-52F1C291DA3C97EE,REC-082721F13E9FFC71,latest non-withdrawn preprint,1,"[""REC-082721F13E9FFC71""]","[""arxiv:1209.0732"",""title_sha256:b9906faf8b7b4719""]",Linear Transformations for Randomness Extraction,linear transformations for randomness extraction,Hongchao Zhou; Jehoshua Bruck,2012,,1209.0732
WORK-6680DFD3B945B3E9,REC-42EE9703F04DEB01,peer-reviewed manifestation; latest version breaks ties,1,"[""REC-42EE9703F04DEB01""]","[""arxiv:1209.3061"",""doi:10.5121/vlsic.2012.3402"",""title_sha256:76c8f82d7a56ec4e""]",Design and Implementation A different Architectures of mixcolumn in FPGA,design and implementation a different architectures of mixcolumn in fpga,Sliman Arrag; Abdellatif Hamdoun; Abderrahim Tragha; Salah eddine Khamlich,2012,10.5121/vlsic.2012.3402,1209.3061
WORK-5A128B19817AD461,REC-ADAAD71114348F43,peer-reviewed manifestation; latest version breaks ties,1,"[""REC-ADAAD71114348F43""]","[""arxiv:1305.3251"",""doi:10.5121/sipij.2013.4204"",""title_sha256:8e6049f8feeb2475""]",Field Programmable DSP Arrays - A Novel Reconfigurable Architecture for Efficient Realization of Digital Signal Processing Functions,field programmable dsp arrays a novel reconfigurable architecture for efficient realization of digital signal processing functions,Amitabha Sinha; Soumojit Acharyya; Suranjan Chakraborty; Mitrava Sarkar,2013,10.5121/sipij.2013.4204,1305.3251
WORK-8EC1F46929A24CE3,REC-BA343A3251B11D61,peer-reviewed manifestation; latest version breaks ties,1,"[""REC-BA343A3251B11D61""]","[""arxiv:1307.8019"",""doi:10.1364/josaa.31.001259"",""title_sha256:e1d3aafba46966d9""]",Incorporation of Polar Mellin Transform in a Hybrid Optoelectronic Correlator for Scale & Rotation Invariant Target Recognition,incorporation of polar mellin transform in a hybrid optoelectronic correlator for scale rotation invariant target recognition,Mehjabin S. Monjur; Shih Tseng; Renu Tripathi; M. S. Shahriar,2013,10.1364/josaa.31.001259,1307.8019
WORK-46BBD6616D6EA0B8,REC-8B22D9D0AE96DE69,latest non-withdrawn preprint,1,"[""REC-8B22D9D0AE96DE69""]","[""arxiv:1309.7843"",""title_sha256:9a51990ca2c9cd04""]",Energy Efficient Telemonitoring of Physiological Signals via Compressed Sensing: A Fast Algorithm and Power Consumption Evaluation,energy efficient telemonitoring of physiological signals via compressed sensing a fast algorithm and power consumption evaluation,Benyuan Liu; Zhilin Zhang; Gary Xu; Hongqi Fan; Qiang Fu,2013,,1309.7843
WORK-79264B9AF0A38F19,REC-D0A5C080D9A7A8BB,latest non-withdrawn preprint,1,"[""REC-D0A5C080D9A7A8BB""]","[""arxiv:1401.8288"",""title_sha256:8df45550b5a03457""]",A Scalable Hybrid FPGA/GPU FX Correlator,a scalable hybrid fpga gpu fx correlator,J. Kocz; L. J. Greenhill; B. R. Barsdell; G. Bernardi; A. Jameson; M. A. Clark; J. Craig; D. Price; G. B. Taylor; F. Schinzel; D. Werthimer,2014,,1401.8288
WORK-3849E7C749FEF405,REC-74F02CC1F5FFC6ED,latest non-withdrawn preprint,1,"[""REC-74F02CC1F5FFC6ED""]","[""arxiv:1402.6005"",""title_sha256:cd9c166d6426aeae""]",Open Cores for Digital Signal Processing,open cores for digital signal processing,Juan Camilo Valderrama-Cuervo; Alexander López-Parrado,2014,,1402.6005
WORK-57D4B07D624064E0,REC-F7672CF25143AE27,latest non-withdrawn preprint,1,"[""REC-F7672CF25143AE27""]","[""arxiv:1404.3877"",""title_sha256:aaa2d7003cbef659""]",Design space exploration for image processing architectures on FPGA targets,design space exploration for image processing architectures on fpga targets,Chandrajit Pal; Avik Kotal; Asit Samanta; Amlan Chakrabarti; Ranjan Ghosh,2014,,1404.3877
WORK-9F7D0F2D78673D79,REC-268040C167BF9193,peer-reviewed manifestation; latest version breaks ties,1,"[""REC-268040C167BF9193""]","[""arxiv:1405.0413"",""doi:10.1049/el.2013.1352"",""title_sha256:23aa46f57208f06b""]",Multiplierless Approximate 4-point DCT VLSI Architectures for Transform Block Coding,multiplierless approximate 4 point dct vlsi architectures for transform block coding,F. M. Bayer; R. J. Cintra; A. Madanayake; U. S. Potluri,2014,10.1049/el.2013.1352,1405.0413
WORK-4B8CC808C6CC35BD,REC-3C23A5B385B56748,peer-reviewed manifestation; latest version breaks ties,1,"[""REC-3C23A5B385B56748""]","[""arxiv:1405.6166"",""title_sha256:2ae2ede4f062e032""]",Real Time Speckle Image De-Noising,real time speckle image de noising,D. Sachin Kumar; P. R. Seshadri; N. Vaishnav; Dr. Saraswathi Janaki,2014,,1405.6166
WORK-47F5AF2465AD25BB,REC-789E8FCA8135E770,latest non-withdrawn preprint,1,"[""REC-789E8FCA8135E770""]","[""arxiv:1406.1918"",""title_sha256:c53b4469cb5c0090""]",Front-End Board with Cyclone V as a Test High-Resolution Platform for the Auger-Beyond-2015 Front End Electronics,front end board with cyclone v as a test high resolution platform for the auger beyond 2015 front end electronics,Zbigniew Szadkowski,2014,,1406.1918
WORK-6847448131A463AA,REC-C494916B77FB32D3,peer-reviewed manifestation; latest version breaks ties,1,"[""REC-C494916B77FB32D3""]","[""arxiv:1406.2288"",""doi:10.1117/12.2054950"",""title_sha256:02735713bccd7bad""]",Canadian Hydrogen Intensity Mapping Experiment (CHIME) Pathfinder,canadian hydrogen intensity mapping experiment chime pathfinder,Kevin Bandura; Graeme E. Addison; Mandana Amiri; J. Richard Bond; Duncan Campbell-Wilson; Liam Connor; Jean-Francois Cliche; Greg Davis; Meiling Deng; Nolan Denman; Matt Dobbs; Mateus Fandino; Kenneth Gibbs; Adam Gilbert; Mark Halpern; David Hanna; Adam D. Hincks; Gary Hinshaw; Carolin Hofer; Peter Klages; Tom L. Landecker; Kiyoshi Masui; Juan Mena; Laura B. Newburgh; Ue-Li Pen; Jeffrey B. Peterson; Andre Recnik; J. Richard Shaw; Kris Sigurdson; Michael Sitwell; Graeme Smecher; Rick Smegal; Keith Vanderlinde; Don Wiebe,2014,10.1117/12.2054950,1406.2288
WORK-F9A4BEBEFED188E3,REC-B995D93FB5904453,latest non-withdrawn preprint,1,"[""REC-B995D93FB5904453""]","[""arxiv:1407.0506"",""title_sha256:7a1663a9929f8f68""]",The Design and Implementation of an ANN-based Non-linearity Compensator of LVDT Sensor,the design and implementation of an ann based non linearity compensator of lvdt sensor,Prasant Misra; Santoshini Kumari Mohini; Saroj Kumar Mishra,2014,,1407.0506
WORK-D62F8876E46F4353,REC-0FD00811878FA3A4,latest non-withdrawn preprint,1,"[""REC-0FD00811878FA3A4""]","[""arxiv:1408.5401"",""title_sha256:d2a35aa7d15a28b5""]",A Many-Core Overlay for High-Performance Embedded Computing on FPGAs,a many core overlay for high performance embedded computing on fpgas,Mário Véstias; Horácio Neto,2014,,1408.5401
WORK-89693455549AB256,REC-EB5B8D6B828622FE,latest non-withdrawn preprint,1,"[""REC-EB5B8D6B828622FE""]","[""arxiv:1411.0863"",""title_sha256:5684355192b3ec60""]",Inner Loop Optimizations in Mapping Single Threaded Programs to Hardware,inner loop optimizations in mapping single threaded programs to hardware,Madhav Desai,2014,,1411.0863
WORK-D55096E28E99EC3D,REC-CF808A2F7D6515B3,peer-reviewed manifestation; latest version breaks ties,1,"[""REC-CF808A2F7D6515B3""]","[""arxiv:1501.02995"",""doi:10.1109/tcsi.2013.2295022"",""title_sha256:f21201fd29448a76""]",Improved 8-point Approximate DCT for Image and Video Compression Requiring Only 14 Additions,improved 8 point approximate dct for image and video compression requiring only 14 additions,U. S. Potluri; A. Madanayake; R. J. Cintra; F. M. Bayer; S. Kulasekera; A. Edirisuriya,2015,10.1109/tcsi.2013.2295022,1501.02995
WORK-3547521F1681096D,REC-3DCB691A456F4283,peer-reviewed manifestation; latest version breaks ties,1,"[""REC-3DCB691A456F4283""]","[""arxiv:1502.00555"",""doi:10.1109/lsp.2015.2389899"",""title_sha256:167bbbbb2a094348""]",A Discrete Tchebichef Transform Approximation for Image and Video Coding,a discrete tchebichef transform approximation for image and video coding,P. A. M. Oliveira; R. J. Cintra; F. M. Bayer; S. Kulasekera; A. Madanayake,2015,10.1109/lsp.2015.2389899,1502.00555
WORK-644D0D827AFACE07,REC-1CDB61F0CD5CAEB4,peer-reviewed manifestation; latest version breaks ties,1,"[""REC-1CDB61F0CD5CAEB4""]","[""arxiv:1502.04221"",""doi:10.1109/tcsvt.2011.2181232"",""title_sha256:1d3a2026844d9d4e""]",A Row-parallel 8$\times$8 2-D DCT Architecture Using Algebraic Integer Based Exact Computation,a row parallel 8 times 8 2 d dct architecture using algebraic integer based exact computation,A. Madanayake; R. J. Cintra; D. Onen; V. S. Dimitrov; N. T. Rajapaksha; L. T. Bruton; A. Edirisuriya,2015,10.1109/tcsvt.2011.2181232,1502.04221
WORK-5CEE079FDD5A3B70,REC-D30DB4EA311A5217,latest non-withdrawn preprint,1,"[""REC-D30DB4EA311A5217""]","[""arxiv:1502.07055"",""title_sha256:ef2d2d5ecc51bfbe""]",A Novel Architecture of Area Efficient FFT Algorithm for FPGA Implementation,a novel architecture of area efficient fft algorithm for fpga implementation,Atin Mukherjee; Amitabha Sinha; Debesh Choudhury,2015,,1502.07055
WORK-1CD43D6EBFE7E2F2,REC-F4379DB7478366EF,latest non-withdrawn preprint,1,"[""REC-F4379DB7478366EF""]","[""arxiv:1504.05372"",""title_sha256:d2a43eeb9d94bf9d""]",Inferring Program Transformations from Type Transformations for Partitioning of Ordered Sets,inferring program transformations from type transformations for partitioning of ordered sets,Wim Vanderbauwhede,2015,,1504.05372
WORK-E11CCBCA0B95FDBC,REC-24BB9609714294BE,latest non-withdrawn preprint,1,"[""REC-24BB9609714294BE""]","[""arxiv:1504.06779"",""title_sha256:f5e716277f05dbbd""]",Computational Cost Reduction in Learned Transform Classifications,computational cost reduction in learned transform classifications,Emerson Lopes Machado; Cristiano Jacques Miosso; Ricardo von Borries; Murilo Coutinho; Pedro de Azevedo Berger; Thiago Marques; Ricardo Pezzuol Jacobi,2015,,1504.06779
WORK-5364CB92405D533B,REC-F73FEC8CDF1AD512,latest non-withdrawn preprint,1,"[""REC-F73FEC8CDF1AD512""]","[""arxiv:1505.01120"",""title_sha256:f375d12411785eea""]",SparkCL: A Unified Programming Framework for Accelerators on Heterogeneous Clusters,sparkcl a unified programming framework for accelerators on heterogeneous clusters,Oren Segal; Philip Colangelo; Nasibeh Nasiri; Zhuo Qian; Martin Margala,2015,,1505.01120
WORK-A2765C794787B27C,REC-7D9A3E658DD7EEE6,latest non-withdrawn preprint,1,"[""REC-7D9A3E658DD7EEE6""]","[""arxiv:1508.06811"",""title_sha256:ea341e2988f61d7b""]",Model-based Hardware Design for FPGAs using Folding Transformations based on Subcircuits,model based hardware design for fpgas using folding transformations based on subcircuits,Konrad Möller; Martin Kumm; Charles-Frederic Müller; Peter Zipf,2015,,1508.06811
WORK-41C446CC1756DE0B,REC-6D2573B50D47CD83,latest non-withdrawn preprint,1,"[""REC-6D2573B50D47CD83""]","[""arxiv:1509.04268"",""title_sha256:b0de5325793c0c2d""]",High Speed VLSI Architecture for 3-D Discrete Wavelet Transform,high speed vlsi architecture for 3 d discrete wavelet transform,Batta Kota Naga Srinivasarao; Indrajit Chakrabarti,2015,,1509.04268
WORK-F3C7C8C0328E3066,REC-97877AF2A5AE0C14,latest non-withdrawn preprint,1,"[""REC-97877AF2A5AE0C14""]","[""arxiv:1511.05552"",""title_sha256:4b4a09ace231affd""]",Recurrent Neural Networks Hardware Implementation on FPGA,recurrent neural networks hardware implementation on fpga,Andre Xian Ming Chang; Berin Martini; Eugenio Culurciello,2015,,1511.05552
WORK-E284C7E0D2F51197,REC-88F29B4B825641C8,latest non-withdrawn preprint,1,"[""REC-88F29B4B825641C8""]","[""arxiv:1602.02517"",""title_sha256:13da6e4967e377d4""]",Energy Efficient Video Fusion with Heterogeneous CPU-FPGA Devices,energy efficient video fusion with heterogeneous cpu fpga devices,Jose Nunez-Yanez; Tom Sun,2016,,1602.02517
WORK-39F2EC446141DDC2,REC-9A045A7D0B1DE0CE,latest non-withdrawn preprint,1,"[""REC-9A045A7D0B1DE0CE""]","[""arxiv:1602.07620"",""title_sha256:fcf2878a63316f94""]",A Low Complexity VLSI Architecture for Multi-Focus Image Fusion in DCT Domain,a low complexity vlsi architecture for multi focus image fusion in dct domain,Ashutosh Mishra; Sudipta Mahapatra; Swapna Banerjee,2015,,1602.07620
WORK-91485AB36E2CC985,REC-65A934FBB91EDDC4,peer-reviewed manifestation; latest version breaks ties,1,"[""REC-65A934FBB91EDDC4""]","[""arxiv:1603.05154"",""doi:10.1109/fpt.2015.7393157"",""title_sha256:4ea9aa0c739bd079""]",2D Discrete Fourier Transform with Simultaneous Edge Artifact Removal for Real-Time Applications,2d discrete fourier transform with simultaneous edge artifact removal for real time applications,Faisal Mahmood; Märt Toots; Lars-Göran Öfverstedt; Ulf Skoglund,2016,10.1109/fpt.2015.7393157,1603.05154
WORK-85D86140967BBC98,REC-FA096E95A0E3F88E,peer-reviewed manifestation; latest version breaks ties,1,"[""REC-FA096E95A0E3F88E""]","[""arxiv:1606.05562"",""doi:10.1007/s11045-014-0291-6"",""title_sha256:65e50f9704bed48e""]",An Orthogonal 16-point Approximate DCT for Image and Video Compression,an orthogonal 16 point approximate dct for image and video compression,T. L. T. da Silveira; F. M. Bayer; R. J. Cintra; S. Kulasekera; A. Madanayake; A. J. Kozakevicius,2016,10.1007/s11045-014-0291-6,1606.05562
WORK-EC3A1DDA4B8AD17B,REC-CCE2E4EFAFB5F4F8,latest non-withdrawn preprint,1,"[""REC-CCE2E4EFAFB5F4F8""]","[""arxiv:1606.06451"",""title_sha256:4897c9781d5059dd""]",High Level Synthesis with a Dataflow Architectural Template,high level synthesis with a dataflow architectural template,Shaoyi Cheng; John Wawrzynek,2016,,1606.06451
WORK-0D9869A0E3DDBEEE,REC-DCFC6B023D9EF9F8,peer-reviewed manifestation; latest version breaks ties,1,"[""REC-DCFC6B023D9EF9F8""]","[""arxiv:1606.07414"",""doi:10.1007/s11760-016-0923-4"",""title_sha256:0439f475ee5bf8a6""]",Multiplierless 16-point DCT Approximation for Low-complexity Image and Video Coding,multiplierless 16 point dct approximation for low complexity image and video coding,T. L. T. Silveira; R. S. Oliveira; F. M. Bayer; R. J. Cintra; A. Madanayake,2016,10.1007/s11760-016-0923-4,1606.07414
WORK-F65CA2011450E578,REC-24048AD2630EDCFD,peer-reviewed manifestation; latest version breaks ties,1,"[""REC-24048AD2630EDCFD""]","[""arxiv:1607.04549"",""doi:10.1016/j.sysarc.2017.01.005"",""title_sha256:fd75d7cdac83c4df""]",DiaSys: Improving SoC Insight Through On-Chip Diagnosis,diasys improving soc insight through on chip diagnosis,Philipp Wagner; Thomas Wild; Andreas Herkersdorf,2016,10.1016/j.sysarc.2017.01.005,1607.04549
WORK-03251B78F491CCFF,REC-366778764662CFF9,latest non-withdrawn preprint,1,"[""REC-366778764662CFF9""]","[""arxiv:1607.04663"",""title_sha256:d7042b0e24e5502c""]",Inter-Technology Backscatter: Towards Internet Connectivity for Implanted Devices,inter technology backscatter towards internet connectivity for implanted devices,Vikram Iyer; Vamsi Talla; Bryce Kellogg; Shyamnath Gollakota; Joshua R. Smith,2016,,1607.04663
WORK-B7D7F41F7493E435,REC-975D4F11BDBF4844,peer-reviewed manifestation; latest version breaks ties,1,"[""REC-975D4F11BDBF4844""]","[""arxiv:1609.07630"",""doi:10.1109/tcsvt.2016.2515378"",""title_sha256:08e8c86889b075e4""]",Low-complexity Image and Video Coding Based on an Approximate Discrete Tchebichef Transform,low complexity image and video coding based on an approximate discrete tchebichef transform,P. A. M. Oliveira; R. J. Cintra; F. M. Bayer; S. Kulasekera; A. Madanayake; V. A. Coutinho,2016,10.1109/tcsvt.2016.2515378,1609.07630
WORK-800C388CA26F9C9D,REC-1CE9180A227DA1D1,latest non-withdrawn preprint,1,"[""REC-1CE9180A227DA1D1""]","[""arxiv:1609.07750"",""title_sha256:1b9faae09cc6bdd2""]",Accurate and Efficient Hyperbolic Tangent Activation Function on FPGA using the DCT Interpolation Filter,accurate and efficient hyperbolic tangent activation function on fpga using the dct interpolation filter,Ahmed M. Abdelsalam; J. M. Pierre Langlois; F. Cheriet,2016,,1609.07750
WORK-62CB49C624CDF206,REC-91117B7563F9179D,latest non-withdrawn preprint,1,"[""REC-91117B7563F9179D""]","[""arxiv:1609.08192"",""title_sha256:bb32cbb0e0e79c4b""]",FPGA Implementation of High Speed Reconfigurable Filter Bank for Multi-standard Wireless Communication Receivers,fpga implementation of high speed reconfigurable filter bank for multi standard wireless communication receivers,Sasha Garg; S. J. Darak,2016,,1609.08192
WORK-DA4C6FC4C827F66E,REC-3DC05E88182B3C4E,latest non-withdrawn preprint,1,"[""REC-3DC05E88182B3C4E""]","[""arxiv:1610.00552"",""title_sha256:07c7a16d330bb4dd""]",FPGA-Based Low-Power Speech Recognition with Recurrent Neural Networks,fpga based low power speech recognition with recurrent neural networks,Minjae Lee; Kyuyeon Hwang; Jinhwan Park; Sungwook Choi; Sungho Shin; Wonyong Sung,2016,,1610.00552
WORK-E258A97C5BBB6BAA,REC-88300383F39A1E30,peer-reviewed manifestation; latest version breaks ties,1,"[""REC-88300383F39A1E30""]","[""arxiv:1612.00807"",""doi:10.1007/s00034-015-0233-z"",""title_sha256:335beb18bf4cf1bf""]",Energy-efficient 8-point DCT Approximations: Theory and Hardware Architectures,energy efficient 8 point dct approximations theory and hardware architectures,R. J. Cintra; F. M. Bayer; V. A. Coutinho; S. Kulasekera; A. Madanayake,2016,10.1007/s00034-015-0233-z,1612.00807
WORK-D753040CEE84934B,REC-B4570AD5B3B50DDC,peer-reviewed manifestation; latest version breaks ties,1,"[""REC-B4570AD5B3B50DDC""]","[""arxiv:1612.04470"",""doi:10.1109/tpds.2018.2803820"",""title_sha256:bf39bdbd3dd89934""]",Efficient Realization of Householder Transform through Algorithm-Architecture Co-design for Acceleration of QR Factorization,efficient realization of householder transform through algorithm architecture co design for acceleration of qr factorization,Farhad Merchant; Tarun Vatwani; Anupam Chattopadhyay; Soumyendu Raha; S K Nandy; Ranjani Narayan,2016,10.1109/tpds.2018.2803820,1612.04470
WORK-12F868132D84C877,REC-F88C6066A8140556,latest non-withdrawn preprint,1,"[""REC-F88C6066A8140556""]","[""arxiv:1701.03534"",""title_sha256:0736f7a6bdc11e2a""]",An OpenCL(TM) Deep Learning Accelerator on Arria 10,an opencl tm deep learning accelerator on arria 10,Utku Aydonat; Shane O'Connell; Davor Capalija; Andrew C. Ling; Gordon R. Chiu,2017,,1701.03534
WORK-D02DA0E7FF39EC9C,REC-7E30A752F924F93D,peer-reviewed manifestation; latest version breaks ties,1,"[""REC-7E30A752F924F93D""]","[""arxiv:1702.01805"",""doi:10.1088/0957-0233/23/11/114010"",""title_sha256:029e453585e1cbc6""]",A Digital Hardware Fast Algorithm and FPGA-based Prototype for a Novel 16-point Approximate DCT for Image Compression Applications,a digital hardware fast algorithm and fpga based prototype for a novel 16 point approximate dct for image compression applications,F. M. Bayer; R. J. Cintra; A. Edirisuriya; A. Madanayake,2017,10.1088/0957-0233/23/11/114010,1702.01805
WORK-769AF53322C4EFB1,REC-22B8F133078A7448,latest non-withdrawn preprint,1,"[""REC-22B8F133078A7448""]","[""arxiv:1705.04543"",""title_sha256:e2e8431ad766aaa4""]",Hardware Automated Dataflow Deployment of CNNs,hardware automated dataflow deployment of cnns,Kamel Abdelouahab; Maxime Pelcat; Jocelyn Serot; Cedric Bourrasset; Jean-Charles Quinton; François Berry,2017,,1705.04543
WORK-8DD6558656ACBA05,REC-3D12045BD8FEDC90,peer-reviewed manifestation; latest version breaks ties,1,"[""REC-3D12045BD8FEDC90""]","[""arxiv:1705.09893"",""doi:10.1049/iet-smt.2017.0214"",""title_sha256:29f11a2abfcbccb7""]",Overcurrent Protection for Gyrotrons in EAST ECRH System,overcurrent protection for gyrotrons in east ecrh system,Weiye Xu; Handong Xu; Jianqiang Feng; Yong Yang; Huaichuan Hu; Fukun Liu; Yunying Tang,2017,10.1049/iet-smt.2017.0214,1705.09893
WORK-F9C3FAB92E404FF2,REC-805602F7D1C60B60,peer-reviewed manifestation; latest version breaks ties,1,"[""REC-805602F7D1C60B60""]","[""arxiv:1706.08863"",""doi:10.1186/s40623-017-0681-8"",""title_sha256:3ca9f28a6d4a3273""]",OCTAD-S: Digital Fast Fourier Transform Spectrometers by FPGA,octad s digital fast fourier transform spectrometers by fpga,Kazumasa Iwai; Yûki Kubo; Hiromitsu Ishibashi; Takahiro Naoi; Kenichi Harada; Kenji Ema; Yoshinori Hayashi; Yuichi Chikahiro,2017,10.1186/s40623-017-0681-8,1706.08863
WORK-3CDFC4FB79A17CE0,REC-49F3AB6C20566E0A,latest non-withdrawn preprint,1,"[""REC-49F3AB6C20566E0A""]","[""arxiv:1708.06301"",""title_sha256:1fb9504deed08d01""]",Dense Disparity Estimation in Ego-motion Reduced Search Space,dense disparity estimation in ego motion reduced search space,Luka Fućek; Ivan Marković; Igor Cvišić; Ivan Petrović,2017,,1708.06301
WORK-E1E002D440E358CD,REC-C174DDF6D468F0A5,peer-reviewed manifestation; latest version breaks ties,1,"[""REC-C174DDF6D468F0A5""]","[""arxiv:1708.08917"",""doi:10.1145/3123939.3124552"",""title_sha256:c6c85c30fe114b53""]",CirCNN: Accelerating and Compressing Deep Neural Networks Using Block-CirculantWeight Matrices,circnn accelerating and compressing deep neural networks using block circulantweight matrices,Caiwen Ding; Siyu Liao; Yanzhi Wang; Zhe Li; Ning Liu; Youwei Zhuo; Chao Wang; Xuehai Qian; Yu Bai; Geng Yuan; Xiaolong Ma; Yipeng Zhang; Jian Tang; Qinru Qiu; Xue Lin; Bo Yuan,2017,10.1145/3123939.3124552,1708.08917
WORK-E487237F3935193E,REC-6B8F0EBD4ABBF3A2,peer-reviewed manifestation; latest version breaks ties,1,"[""REC-6B8F0EBD4ABBF3A2""]","[""arxiv:1708.09619"",""doi:10.1017/pasa.2017.39"",""title_sha256:2687e10e8db7e3a6""]",The UTMOST: A hybrid digital signal processor transforms the MOST,the utmost a hybrid digital signal processor transforms the most,M. Bailes; A. Jameson; C. Flynn; T. Bateman; E. D. Barr; S. Bhandari; J. D. Bunton; M. Caleb; D. Campbell-Wilson; W. Farah; B. Gaensler; A. J. Green; R. W. Hunstead; F. Jankowski; E. F. Keane; V. Venkatraman Krishnan; Tara Murphy; M. O'Neill; S. Oslowski; A. Parthasarathy; V. Ravi; P. Rosado; D. Temby,2017,10.1017/pasa.2017.39,1708.09619
WORK-5375E0878CA96251,REC-0328D92B8D7AB525,peer-reviewed manifestation; latest version breaks ties,1,"[""REC-0328D92B8D7AB525""]","[""arxiv:1709.00612"",""doi:10.1051/epjconf/201715000014"",""title_sha256:e40b47bad511f907""]",Online Data Reduction for the Belle II Experiment using DATCON,online data reduction for the belle ii experiment using datcon,Florian Bernlochner; Bruno Deschamps; Jochen Dingfelder; Carlos Marinas; Christian Wessel,2017,10.1051/epjconf/201715000014,1709.00612
WORK-371252DF9447C812,REC-380484F40BC5E6D9,peer-reviewed manifestation; latest version breaks ties,1,"[""REC-380484F40BC5E6D9""]","[""arxiv:1710.09975"",""doi:10.1109/tcsvt.2013.2270397"",""title_sha256:da45216dfd9f95ae""]",A Single-Channel Architecture for Algebraic Integer Based 8$\times$8 2-D DCT Computation,a single channel architecture for algebraic integer based 8 times 8 2 d dct computation,A. Edirisuriya; A. Madanayake; R. J. Cintra; V. S. Dimitrov,2017,10.1109/tcsvt.2013.2270397,1710.09975
WORK-F9B522EB29EE29BE,REC-71655A79D4851161,latest non-withdrawn preprint,1,"[""REC-71655A79D4851161""]","[""arxiv:1710.10296"",""title_sha256:92c1c9e457ddffaf""]",The implementation of a Deep Recurrent Neural Network Language Model on a Xilinx FPGA,the implementation of a deep recurrent neural network language model on a xilinx fpga,Yufeng Hao; Steven Quigley,2017,,1710.10296
WORK-3B88C583AF93E270,REC-BB06084936167C6D,peer-reviewed manifestation; latest version breaks ties,1,"[""REC-BB06084936167C6D""]","[""arxiv:1710.11200"",""doi:10.1109/tc.2014.2366732"",""title_sha256:f6c2e2046cfac34e""]",VLSI Computational Architectures for the Arithmetic Cosine Transform,vlsi computational architectures for the arithmetic cosine transform,N. Rajapaksha; A. Madanayake; R. J. Cintra; J. Adikari; V. S. Dimitrov,2017,10.1109/tc.2014.2366732,1710.11200
WORK-9BB87D81581CB10A,REC-3570BA8F2CBFC43F,latest non-withdrawn preprint,1,"[""REC-3570BA8F2CBFC43F""]","[""arxiv:1711.04471"",""title_sha256:9fa13ff44c825308""]",Domain-Specific Acceleration and Auto-Parallelization of Legacy Scientific Code in FORTRAN 77 using Source-to-Source Compilation,domain specific acceleration and auto parallelization of legacy scientific code in fortran 77 using source to source compilation,Wim Vanderbauwhede; Gavin Davidson,2017,,1711.04471
WORK-C4538805C17BB756,REC-794B4806F5632532,peer-reviewed manifestation; latest version breaks ties,1,"[""REC-794B4806F5632532""]","[""arxiv:1711.06613"",""doi:10.1145/3174243.3174270"",""title_sha256:417699026939ee16""]",P4-compatible High-level Synthesis of Low Latency 100 Gb/s Streaming Packet Parsers in FPGAs,p4 compatible high level synthesis of low latency 100 gb s streaming packet parsers in fpgas,Jeferson Santiago da Silva; François-Raymond Boyer; J. M. Pierre Langlois,2017,10.1145/3174243.3174270,1711.06613
WORK-E7D5B9C603AB1C6E,REC-193C307FD04D33A3,latest non-withdrawn preprint,1,"[""REC-193C307FD04D33A3""]","[""arxiv:1711.08740"",""title_sha256:ffec41008982debe""]",fpgaConvNet: A Toolflow for Mapping Diverse Convolutional Neural Networks on Embedded FPGAs,fpgaconvnet a toolflow for mapping diverse convolutional neural networks on embedded fpgas,Stylianos I. Venieris; Christos-Savvas Bouganis,2017,,1711.08740
WORK-8FBAE8318B23CB6D,REC-ACAB157CC9F0D857,latest non-withdrawn preprint,1,"[""REC-ACAB157CC9F0D857""]","[""arxiv:1712.03411"",""title_sha256:365a4e4959bd65d4""]",FPGA with Improved Routability and Robustness in 130nm CMOS with Open-Source CAD Targetability,fpga with improved routability and robustness in 130nm cmos with open source cad targetability,Guanshun Yu; Tom Y. Cheng; Blayne Kettlewell; Harrison Liew; Mingoo Seok; Peter R. Kinget,2017,,1712.03411
WORK-674CDDB57508D5CE,REC-0E5CD4ABE22322D8,peer-reviewed manifestation; latest version breaks ties,1,"[""REC-0E5CD4ABE22322D8""]","[""arxiv:1712.04322"",""doi:10.1109/les.2017.2743247"",""title_sha256:50bb1e7f430ce7ae""]",Tactics to Directly Map CNN graphs on Embedded FPGAs,tactics to directly map cnn graphs on embedded fpgas,Kamel Abdelouahab; Maxime Pelcat; Jocelyn Sérot; Cédric Bourrasset; François Berry; Jocelyn Serot,2017,10.1109/les.2017.2743247,1712.04322
WORK-6224C75A0641DA91,REC-14F5886A00FF13FD,peer-reviewed manifestation; latest version breaks ties,1,"[""REC-14F5886A00FF13FD""]","[""arxiv:1801.06541"",""doi:10.1109/reconfig.2017.8279799"",""title_sha256:ed65e72891b2eed2""]",HGum: Messaging Framework for Hardware Accelerators,hgum messaging framework for hardware accelerators,Sizhuo Zhang; Hari Angepat; Derek Chiou,2018,10.1109/reconfig.2017.8279799,1801.06541
WORK-8BB80F97035C469D,REC-478BAE4ECE99CA8F,latest non-withdrawn preprint,1,"[""REC-478BAE4ECE99CA8F""]","[""arxiv:1803.00419"",""title_sha256:08e312b0fc0afe86""]",Technical Report about Tiramisu: a Three-Layered Abstraction for Hiding Hardware Complexity from DSL Compilers,technical report about tiramisu a three layered abstraction for hiding hardware complexity from dsl compilers,Riyadh Baghdadi; Jessica Ray; Malek Ben Romdhane; Emanuele Del Sozzo; Patricia Suriana; Shoaib Kamil; Saman Amarasinghe,2018,,1803.00419
WORK-5D851E6C82923FAD,REC-2A1F549319EB2EEB,latest non-withdrawn preprint,1,"[""REC-2A1F549319EB2EEB""]","[""arxiv:1803.00521"",""title_sha256:bdd980aecbab9eb4""]",Segmented Successive Cancellation List Polar Decoding with Tailored CRC,segmented successive cancellation list polar decoding with tailored crc,Huayi Zhou; Xiao Liang; Liping Li; Zaichen Zhang; Xiaohu You; Chuan Zhang,2018,,1803.00521
WORK-08C70DB9C38C8FD7,REC-1C2BC4282AF1A5AD,peer-reviewed manifestation; latest version breaks ties,1,"[""REC-1C2BC4282AF1A5AD""]","[""arxiv:1803.05468"",""title_sha256:81e2cba3f884ef41""]",Hardware Implementation of a Fast Algorithm for the Reconstruction of Muon Tracks in ATLAS Muon Drift-Tube Chambers for the First-Level Muon Trigger at the HL-LHC,hardware implementation of a fast algorithm for the reconstruction of muon tracks in atlas muon drift tube chambers for the first level muon trigger at the hl lhc,Sergey Abovyan; Varuzhan Danielyan; Markus Fras; Philipp Gadow; Oliver Kortner; Sandra Kortner; Hubert Kroha; Felix Müller; Sebastian Nowak; Robert Richter; Korbinian Schmidt-Sommerfeld,2018,,1803.05468
WORK-F21D14E4841D374F,REC-DF772EB64BB5C76B,latest non-withdrawn preprint,1,"[""REC-DF772EB64BB5C76B""]","[""arxiv:1803.06305"",""title_sha256:5927efc36e0ce211""]",C-LSTM: Enabling Efficient LSTM using Structured Compression Techniques on FPGAs,c lstm enabling efficient lstm using structured compression techniques on fpgas,Shuo Wang; Zhe Li; Caiwen Ding; Bo Yuan; Yanzhi Wang; Qinru Qiu; Yun Liang,2018,,1803.06305
WORK-EC7BEE73D212E888,REC-38831414C8CA227A,latest non-withdrawn preprint,1,"[""REC-38831414C8CA227A""]","[""arxiv:1803.09004"",""title_sha256:bc26d97bb75dbd12""]",Face Recognition with Hybrid Efficient Convolution Algorithms on FPGAs,face recognition with hybrid efficient convolution algorithms on fpgas,Chuanhao Zhuge; Xinheng Liu; Xiaofan Zhang; Sudeep Gummadi; Jinjun Xiong; Deming Chen,2018,,1803.09004
WORK-EFDC36E8E07E67A9,REC-95E67C186BC2B316,latest non-withdrawn preprint,1,"[""REC-95E67C186BC2B316""]","[""arxiv:1805.02094"",""title_sha256:4e373a26e6025735""]",Exploring Hyper-Parameter Optimization for Neural Machine Translation on GPU Architectures,exploring hyper parameter optimization for neural machine translation on gpu architectures,Robert Lim; Kenneth Heafield; Hieu Hoang; Mark Briers; Allen Malony,2018,,1805.02094
WORK-F9CDE7DDB4928808,REC-35A5F4E0194903D4,latest non-withdrawn preprint,1,"[""REC-35A5F4E0194903D4""]","[""arxiv:1806.04570"",""title_sha256:b5c2912bb70b6b4c""]",FPGA Implementation of pipeline Digit-Slicing Multiplier-Less Radix 2 power of 2 DIF SDF Butterfly for Fourier Transform Structure,fpga implementation of pipeline digit slicing multiplier less radix 2 power of 2 dif sdf butterfly for fourier transform structure,Yazan Samir Algnabi; Rozita Teymourzadeh; Masuri Othman; Md Shabiul Islam,2018,,1806.04570
WORK-0201D83E77165AFC,REC-F6A6EB8FD7251DAD,peer-reviewed manifestation; latest version breaks ties,1,"[""REC-F6A6EB8FD7251DAD""]","[""arxiv:1806.04573"",""doi:10.1109/smelec.2012.6417188"",""title_sha256:5addf7f6533391ca""]",Novel Architecture of Pipeline Radix 2 power of 2 SDF FFT Based on Digit-Slicing Technique,novel architecture of pipeline radix 2 power of 2 sdf fft based on digit slicing technique,Yazan Samir Algnabi; Furat A. Aldaamee; Rozita Teymourzadeh,2018,10.1109/smelec.2012.6417188,1806.04573
WORK-6756FCE43DDDDD4E,REC-49F671D93D450AD9,peer-reviewed manifestation; latest version breaks ties,1,"[""REC-49F671D93D450AD9""]","[""arxiv:1808.02521"",""doi:10.3844/ajeassp.2010.757.764"",""title_sha256:4b66cc6659fe4000""]",On-Chip Implementation of Pipeline Digit-Slicing Multiplier-Less Butterfly for Fast Fourier Transform Architecture,on chip implementation of pipeline digit slicing multiplier less butterfly for fast fourier transform architecture,Rozita Teymourzadeh; Yazan Samir; Masuri Othman; Mok Vee Hong,2018,10.3844/ajeassp.2010.757.764,1808.02521
WORK-738531F1F70DB91B,REC-FEAE1D67589AD270,peer-reviewed manifestation; latest version breaks ties,1,"[""REC-FEAE1D67589AD270""]","[""arxiv:1808.02940"",""title_sha256:79027197c06fbf91""]",The Effect of the Digit Slicing Architecture on the FFT Butterfly,the effect of the digit slicing architecture on the fft butterfly,Yazan Samir; Rozita Teymourzadeh,2018,,1808.02940
WORK-2F75271994F66A4D,REC-AAFC038BCBE50BB1,peer-reviewed manifestation; latest version breaks ties,1,"[""REC-AAFC038BCBE50BB1""]","[""arxiv:1808.02950"",""doi:10.1007/s11045-018-0601-5"",""title_sha256:33608ebe2c694dfe""]",Low-complexity 8-point DCT Approximation Based on Angle Similarity for Image and Video Coding,low complexity 8 point dct approximation based on angle similarity for image and video coding,R. S. Oliveira; R. J. Cintra; F. M. Bayer; T. L. T. da Silveira; A. Madanayake; A. Leite,2018,10.1007/s11045-018-0601-5,1808.02950
WORK-D5404F8A3F0997BC,REC-D88E8214DB7BBA3E,peer-reviewed manifestation; latest version breaks ties,1,"[""REC-D88E8214DB7BBA3E""]","[""arxiv:1809.01467"",""doi:10.1016/j.nima.2019.05.018"",""title_sha256:1323ffda26e3ad7a""]",A High-performance Track Fitter for Use in Ultra-fast Electronics,a high performance track fitter for use in ultra fast electronics,E. Clement; M. De Mattia; S. Dutta; R. Eusebi; K. Hahn; Z. Hu; S. Jindariani; J. Konigsberg; T. Liu; J. Low; R. Patel; D. Rathjens; L. Ristori; L. Skinnari; M. Trovato; K. A. Ulmer; S. Viret,2018,10.1016/j.nima.2019.05.018,1809.01467
WORK-E9663AF082809625,REC-ED59B1D5F5C32113,latest non-withdrawn preprint,1,"[""REC-ED59B1D5F5C32113""]","[""arxiv:1809.07592"",""title_sha256:18ef29a441fb2257""]",High-speed Implementation of FFT-based Privacy Amplification on FPGA in Quantum Key Distribution,high speed implementation of fft based privacy amplification on fpga in quantum key distribution,Qiong Li; Bing-Ze Yan; Hao-Kun Mao; Xiao-Feng Xue,2018,,1809.07592
WORK-C124167E5ADD090E,REC-D65706651462F659,peer-reviewed manifestation; latest version breaks ties,1,"[""REC-D65706651462F659""]","[""arxiv:1809.07683"",""doi:10.1145/3195970.3195999"",""title_sha256:f0161a78f6493199""]","AutoAccel: Automated Accelerator Generation and Optimization with Composable, Parallel and Pipeline Architecture",autoaccel automated accelerator generation and optimization with composable parallel and pipeline architecture,Jason Cong; Peng Wei; Cody Hao Yu; Peng Zhang,2018,10.1145/3195970.3195999,1809.07683
WORK-CE3FAC9B774DAD2C,REC-34D6BAEDB792D06C,latest non-withdrawn preprint,1,"[""REC-34D6BAEDB792D06C""]","[""arxiv:1809.11156"",""title_sha256:413af16974bd9038""]","Improving Reliability, Security, and Efficiency of Reconfigurable Hardware Systems",improving reliability security and efficiency of reconfigurable hardware systems,Daniel Ziener,2018,,1809.11156
WORK-785C4B5852654ECE,REC-BDF6D5B4373DE47A,peer-reviewed manifestation; latest version breaks ties,1,"[""REC-BDF6D5B4373DE47A""]","[""arxiv:1810.06885"",""title_sha256:0e11cc5e92ec99de""]",An Area Efficient 2D Fourier Transform Architecture for FPGA Implementation,an area efficient 2d fourier transform architecture for fpga implementation,Atin Mukherjee; Debesh Choudhury,2018,,1810.06885
WORK-7FE07F4E47A7A7B4,REC-36F0A271EFF0199A,latest non-withdrawn preprint,1,"[""REC-36F0A271EFF0199A""]","[""arxiv:1811.10126"",""title_sha256:c4e1d9df1f583093""]",Artificial Retina Using A Hybrid Neural Network With Spatial Transform Capability,artificial retina using a hybrid neural network with spatial transform capability,Richard Wood; Alexander McGlashan; C. B. Moon; W. Y. Kim,2018,,1811.10126
WORK-D411F849602DDB4C,REC-6FF78E8941C82A36,latest non-withdrawn preprint,1,"[""REC-6FF78E8941C82A36""]","[""arxiv:1901.00416"",""title_sha256:dd7070324747f3f5""]",Towards Automatic Transformation of Legacy Scientific Code into OpenCL for Optimal Performance on FPGAs,towards automatic transformation of legacy scientific code into opencl for optimal performance on fpgas,Wim Vanderbauwhede; Syed Waqar Nabi,2018,,1901.00416
WORK-F7BB1C315C9513CA,REC-89287D342E6CE922,latest non-withdrawn preprint,1,"[""REC-89287D342E6CE922""]","[""arxiv:1902.07463"",""title_sha256:4bffb422dbaf18f4""]",DNNVM : End-to-End Compiler Leveraging Heterogeneous Optimizations on FPGA-based CNN Accelerators,dnnvm end to end compiler leveraging heterogeneous optimizations on fpga based cnn accelerators,Yu Xing; Shuang Liang; Lingzhi Sui; Xijie Jia; Jiantao Qiu; Xin Liu; Yushun Wang; Yu Wang; Yi Shan,2019,,1902.07463
WORK-1188F93214A494F8,REC-A47AFFCD278380DB,latest non-withdrawn preprint,1,"[""REC-A47AFFCD278380DB""]","[""arxiv:1902.10345"",""title_sha256:0a4cdade595338f0""]",Stateful Dataflow Multigraphs: A Data-Centric Model for Performance Portability on Heterogeneous Architectures,stateful dataflow multigraphs a data centric model for performance portability on heterogeneous architectures,Tal Ben-Nun; Johannes de Fine Licht; Alexandros Nikolaos Ziogas; Timo Schneider; Torsten Hoefler,2019,,1902.10345
WORK-D59919A50C3DD5A9,REC-D0099014D837A521,latest non-withdrawn preprint,1,"[""REC-D0099014D837A521""]","[""arxiv:1903.03509"",""title_sha256:94e973a83add5fcd""]",OpenCL-based FPGA accelerator for disparity map generation with stereoscopic event cameras,opencl based fpga accelerator for disparity map generation with stereoscopic event cameras,David Castells-Rufas; Jordi Carrabina,2019,,1903.03509
WORK-3ECE0F2C6A3F5BF4,REC-D97053B95AB833E6,latest non-withdrawn preprint,1,"[""REC-D97053B95AB833E6""]","[""arxiv:1903.09918"",""title_sha256:1c3211ee34cf4589""]",Fast Compressed Power Spectrum Estimation: Towards A Practical Solution for Wideband Spectrum Sensing,fast compressed power spectrum estimation towards a practical solution for wideband spectrum sensing,Linxiao Yang; Jun Fang; Huiping Duan; Hongbin Li,2019,,1903.09918
WORK-7B6195262F8A7AED,REC-F8D486FD316535AD,peer-reviewed manifestation; latest version breaks ties,1,"[""REC-F8D486FD316535AD""]","[""arxiv:1904.12609"",""doi:10.1007/3-540-46117-5_111"",""title_sha256:82c33a19461b2468""]",2D and 3D Computer Graphics Algorithms under MorphoSys,2d and 3d computer graphics algorithms under morphosys,Issam Damaj; Suhaib Majzoub; Hassan Diab,2019,10.1007/3-540-46117-5_111,1904.12609
WORK-57186C588B1F789D,REC-3D1B48A36A1C29EF,peer-reviewed manifestation; latest version breaks ties,1,"[""REC-3D1B48A36A1C29EF""]","[""arxiv:1905.10830"",""doi:10.1109/ijcnn48605.2020.9206968"",""title_sha256:e7f43aff0ccff668""]",Feature Map Transform Coding for Energy-Efficient CNN Inference,feature map transform coding for energy efficient cnn inference,Brian Chmiel; Chaim Baskin; Ron Banner; Evgenii Zheltonozhskii; Yevgeny Yermolin; Alex Karbachevsky; Alex M. Bronstein; Avi Mendelson,2019,10.1109/ijcnn48605.2020.9206968,1905.10830
WORK-084846F91CFBBCB6,REC-77F2744384901A06,peer-reviewed manifestation; latest version breaks ties,1,"[""REC-77F2744384901A06""]","[""arxiv:1907.07764"",""doi:10.1109/dsd.2016.24"",""title_sha256:61004a1280aa127a""]",HTCC: Haskell to Handel-C Compiler,htcc haskell to handel c compiler,Ahmed Ablak; Issam Damaj,2019,10.1109/dsd.2016.24,1907.07764
WORK-BC85ABC7C414B1AD,REC-714959A473E278C1,peer-reviewed manifestation; latest version breaks ties,1,"[""REC-714959A473E278C1""]","[""arxiv:1907.07929"",""doi:10.1109/sc41405.2020.00063"",""title_sha256:edde1bf003a9a2ee""]",FBLAS: Streaming Linear Algebra on FPGA,fblas streaming linear algebra on fpga,Tiziano De Matteis; Johannes de Fine Licht; Torsten Hoefler,2019,10.1109/sc41405.2020.00063,1907.07929
WORK-AFCBBEE221055F7F,REC-AA3630B18BB5F5C6,latest non-withdrawn preprint,1,"[""REC-AA3630B18BB5F5C6""]","[""arxiv:1911.04378"",""title_sha256:e3dc4fb60d69518d""]",DRAB-LOCUS: An Area-Efficient AES Architecture for Hardware Accelerator Co-Location on FPGAs,drab locus an area efficient aes architecture for hardware accelerator co location on fpgas,Jacob T. Grycel; Robert J. Walls,2019,,1911.04378
WORK-1AD08F6ABA5AA02A,REC-E1A7182426E47166,peer-reviewed manifestation; latest version breaks ties,1,"[""REC-E1A7182426E47166""]","[""arxiv:2002.04971"",""doi:10.1109/iccad45719.2019.8942122"",""title_sha256:c2bb6984c83bb233""]",FastWave: Accelerating Autoregressive Convolutional Neural Networks on FPGA,fastwave accelerating autoregressive convolutional neural networks on fpga,Shehzeen Hussain; Mojan Javaheripi; Paarth Neekhara; Ryan Kastner; Farinaz Koushanfar,2020,10.1109/iccad45719.2019.8942122,2002.04971
WORK-F231018418A0D14D,REC-B899DAA9C0C71D45,latest non-withdrawn preprint,1,"[""REC-B899DAA9C0C71D45""]","[""arxiv:2002.05645"",""title_sha256:41336821c81ff05a""]",Training Large Neural Networks with Constant Memory using a New Execution Algorithm,training large neural networks with constant memory using a new execution algorithm,Bharadwaj Pudipeddi; Maral Mesmakhosroshahi; Jinwen Xi; Sujeeth Bharadwaj,2020,,2002.05645
WORK-8D3BF536FE4FF52F,REC-798CD52628A50AD6,latest non-withdrawn preprint,1,"[""REC-798CD52628A50AD6""]","[""arxiv:2003.06700"",""title_sha256:098bad52d2028761""]",CoCoPIE: Making Mobile AI Sweet As PIE --Compression-Compilation Co-Design Goes a Long Way,cocopie making mobile ai sweet as pie compression compilation co design goes a long way,Shaoshan Liu; Bin Ren; Xipeng Shen; Yanzhi Wang,2020,,2003.06700
WORK-E84F7DA2868C3591,REC-8CEEE39C1C03B3AE,peer-reviewed manifestation; latest version breaks ties,1,"[""REC-8CEEE39C1C03B3AE""]","[""arxiv:2004.10811"",""doi:10.1109/sc41405.2020.00084"",""title_sha256:4159d75f94e02473""]",A Submatrix-Based Method for Approximate Matrix Function Evaluation in the Quantum Chemistry Code CP2K,a submatrix based method for approximate matrix function evaluation in the quantum chemistry code cp2k,Michael Lass; Robert Schade; Thomas D. Kühne; Christian Plessl,2020,10.1109/sc41405.2020.00084,2004.10811
WORK-5FEF07863B102C3E,REC-FA1D60BEAE9A18AD,latest non-withdrawn preprint,1,"[""REC-FA1D60BEAE9A18AD""]","[""arxiv:2005.04098"",""title_sha256:04e6b9bc4c5bb482""]",Near Memory Acceleration on High Resolution Radio Astronomy Imaging,near memory acceleration on high resolution radio astronomy imaging,Stefano Corda; Bram Veenboer; Ahsan Javed Awan; Akash Kumar; Roel Jordans; Henk Corporaal,2020,,2005.04098
WORK-DA45F3882A02CA02,REC-1BD39A11DBF6BC60,latest non-withdrawn preprint,1,"[""REC-1BD39A11DBF6BC60""]","[""arxiv:2006.08435"",""title_sha256:f38b79c59de1cd07""]",Efficient Ab-Initio Molecular Dynamic Simulations by Offloading Fast Fourier Transformations to FPGAs,efficient ab initio molecular dynamic simulations by offloading fast fourier transformations to fpgas,Arjun Ramaswami; Tobias Kenter; Thomas D. Kühne; Christian Plessl,2020,,2006.08435
WORK-33FCAA9884545EDC,REC-2591DFCD2FE56740,latest non-withdrawn preprint,1,"[""REC-2591DFCD2FE56740""]","[""arxiv:2007.08563"",""title_sha256:74642f5b500d14c5""]",FTRANS: Energy-Efficient Acceleration of Transformers using FPGA,ftrans energy efficient acceleration of transformers using fpga,Bingbing Li; Santosh Pandey; Haowen Fang; Yanjun Lyv; Ji Li; Jieyang Chen; Mimi Xie; Lipeng Wan; Hang Liu; Caiwen Ding,2020,,2007.08563
WORK-384B46A17791B640,REC-BAA08971107EB217,peer-reviewed manifestation; latest version breaks ties,1,"[""REC-BAA08971107EB217""]","[""arxiv:2007.11434"",""doi:10.1109/access.2021.3096664"",""title_sha256:4ca58fffc9027361""]",A Deep Learning-Based FPGA Function Block Detection Method with Bitstream to Image Transformation,a deep learning based fpga function block detection method with bitstream to image transformation,Minzhen Chen; Peng Liu,2020,10.1109/access.2021.3096664,2007.11434
WORK-7866FC6789A8D4E4,REC-45D346345BCBEE33,latest non-withdrawn preprint,1,"[""REC-45D346345BCBEE33""]","[""arxiv:2009.08605"",""title_sha256:eb9f1a4aa94c146a""]",Hardware Accelerator for Multi-Head Attention and Position-Wise Feed-Forward in the Transformer,hardware accelerator for multi head attention and position wise feed forward in the transformer,Siyuan Lu; Meiqi Wang; Shuang Liang; Jun Lin; Zhongfeng Wang,2020,,2009.08605
WORK-32FAC64A074CCB39,REC-E7364B5C13D3ACB6,latest non-withdrawn preprint,1,"[""REC-E7364B5C13D3ACB6""]","[""arxiv:2009.09736"",""title_sha256:23a0263379f3a7d1""]",NetReduce: RDMA-Compatible In-Network Reduction for Distributed DNN Training Acceleration,netreduce rdma compatible in network reduction for distributed dnn training acceleration,Shuo Liu; Qiaoling Wang; Junyi Zhang; Qinliang Lin; Yao Liu; Meng Xu; Ray C. C. Chueng; Jianfei He,2020,,2009.09736
WORK-2B91BB71BA035749,REC-B8C88E3CD57FA457,peer-reviewed manifestation; latest version breaks ties,1,"[""REC-B8C88E3CD57FA457""]","[""arxiv:2010.07746"",""doi:10.1109/tie.2018.2818644"",""title_sha256:57ec99f38a40a4f4""]",Real-Time Refocusing using an FPGA-based Standard Plenoptic Camera,real time refocusing using an fpga based standard plenoptic camera,Christopher Hahne; Andrew Lumsdaine; Amar Aggoun; Vladan Velisavljevic,2020,10.1109/tie.2018.2818644,2010.07746
WORK-410A227A9629A06A,REC-B050DA93F1DA379D,peer-reviewed manifestation; latest version breaks ties,1,"[""REC-B050DA93F1DA379D""]","[""arxiv:2011.05670"",""doi:10.1109/tgrs.2020.2967821"",""title_sha256:411ed87d1b52a556""]",FPGA: Fast Patch-Free Global Learning Framework for Fully End-to-End Hyperspectral Image Classification,fpga fast patch free global learning framework for fully end to end hyperspectral image classification,Zhuo Zheng; Yanfei Zhong; Ailong Ma; Liangpei Zhang,2020,10.1109/tgrs.2020.2967821,2011.05670
WORK-0652D93DC13B8861,REC-2342F9BF3B1AB602,latest non-withdrawn preprint,1,"[""REC-2342F9BF3B1AB602""]","[""arxiv:2012.00581"",""title_sha256:63fb7cb2997bffe7""]",Hardware Implementation of Iterative Projection-Aggregation Decoding of Reed-Muller Codes,hardware implementation of iterative projection aggregation decoding of reed muller codes,Marzieh Hashemipour-Nazari; Kees Goossens; Alexios Balatsoukas-Stimming,2020,,2012.00581
WORK-61641A6E7ED9499E,REC-D0D2254368D3B08B,peer-reviewed manifestation; latest version breaks ties,1,"[""REC-D0D2254368D3B08B""]","[""arxiv:2012.09666"",""doi:10.1016/j.micpro.2019.102919"",""title_sha256:e7bdb19d19654d91""]","A fully pipelined FPGA accelerator for scale invariant feature transform keypoint descriptor matching,",a fully pipelined fpga accelerator for scale invariant feature transform keypoint descriptor matching,Luka Daoud; Muhammad Kamran Latif; H S. Jacinto; Nader Rafla,2020,10.1016/j.micpro.2019.102919,2012.09666
WORK-E9C7F43DE8B4CDAA,REC-3DBEC0B586ABB7C0,latest non-withdrawn preprint,1,"[""REC-3DBEC0B586ABB7C0""]","[""arxiv:2101.05314"",""title_sha256:18fe229fd977f1a6""]",EXMA: A Genomics Accelerator for Exact-Matching,exma a genomics accelerator for exact matching,Lei Jiang; Farzaneh Zokaee,2021,,2101.05314
WORK-1ED064754B5996EA,REC-3BF9C4C1B606866E,peer-reviewed manifestation; latest version breaks ties,1,"[""REC-3BF9C4C1B606866E""]","[""arxiv:2101.09927"",""doi:10.1109/tim.2020.3026843"",""title_sha256:2c2cb73f21d58683""]",A real time digital receiver for correlation measurements in atomic systems,a real time digital receiver for correlation measurements in atomic systems,V. Mugundhan; Maheswar Swar; Subhajit Bhar; Saptarishi Chaudhuri,2021,10.1109/tim.2020.3026843,2101.09927
WORK-297FF14654635BE2,REC-969D3C59E6AFE5EC,peer-reviewed manifestation; latest version breaks ties,1,"[""REC-969D3C59E6AFE5EC""]","[""arxiv:2103.02800"",""title_sha256:9edd409f82d13af5""]",Hardware Acceleration of Fully Quantized BERT for Efficient Natural Language Processing,hardware acceleration of fully quantized bert for efficient natural language processing,Zejian Liu; Gang Li; Jian Cheng,2021,,2103.02800
WORK-B7705AD5A4D9B669,REC-3BFEDC35FEE6688E,peer-reviewed manifestation; latest version breaks ties,1,"[""REC-3BFEDC35FEE6688E""]","[""arxiv:2104.00252"",""doi:10.1093/pasj/psab030"",""title_sha256:61fbf44cabee1fe2""]",Observational demonstration of a low-cost fast Fourier transform spectrometer with a delay-line-based ramp-compare ADC implemented on FPGA,observational demonstration of a low cost fast fourier transform spectrometer with a delay line based ramp compare adc implemented on fpga,Atsushi Nishimura; Takeru Matsumoto; Teppei Yonetsu; Yuka Nakao; Shinji Fujita; Hiroyuki Maezawa; Toshikazu Onishi; Hideo Ogawa,2021,10.1093/pasj/psab030,2104.00252
WORK-03D94E125DD80AF1,REC-20E17694FEA9B59B,peer-reviewed manifestation; latest version breaks ties,1,"[""REC-20E17694FEA9B59B""]","[""arxiv:2104.06535"",""doi:10.1145/3431920.3439477"",""title_sha256:f239ee87e64abccb""]",NPE: An FPGA-based Overlay Processor for Natural Language Processing,npe an fpga based overlay processor for natural language processing,Hamza Khan; Asma Khan; Zainab Khan; Lun Bin Huang; Kun Wang; Lei He,2021,10.1145/3431920.3439477,2104.06535
WORK-16BE8A0343541715,REC-D5344767957D09B6,latest non-withdrawn preprint,1,"[""REC-D5344767957D09B6""]","[""arxiv:2104.12339"",""title_sha256:93426d43eeebba41""]",TensorLib: A Spatial Accelerator Generation Framework for Tensor Algebra,tensorlib a spatial accelerator generation framework for tensor algebra,Liancheng Jia; Zizhang Luo; Liqiang Lu; Yun Liang,2021,,2104.12339
WORK-FB44D106948E3D6B,REC-E43A2DC89D039B8D,latest non-withdrawn preprint,1,"[""REC-E43A2DC89D039B8D""]","[""arxiv:2105.05530"",""title_sha256:fc25465d182d52c6""]",Winograd Algorithm for AdderNet,winograd algorithm for addernet,Wenshuo Li; Hanting Chen; Mingqiang Huang; Xinghao Chen; Chunjing Xu; Yunhe Wang,2021,,2105.05530
WORK-AF7C5C23FFFE5842,REC-348FA63EF433FC7D,latest non-withdrawn preprint,1,"[""REC-348FA63EF433FC7D""]","[""arxiv:2107.01013"",""title_sha256:f454472b7c8bd1ba""]",Large-scale and High-speed Privacy Amplification for FPGA-based Quantum Key Distribution,large scale and high speed privacy amplification for fpga based quantum key distribution,Yan Bingze; Li Qiong; Mao Haokun,2021,,2107.01013
WORK-729AA827D7510606,REC-147FD411962C71A6,latest non-withdrawn preprint,1,"[""REC-147FD411962C71A6""]","[""arxiv:2108.00874"",""title_sha256:517ce58a42d78832""]",Few-Shot Domain Adaptation For End-to-End Communication,few shot domain adaptation for end to end communication,Jayaram Raghuram; Yijing Zeng; Dolores García Martí; Rafael Ruiz Ortiz; Somesh Jha; Joerg Widmer; Suman Banerjee,2021,,2108.00874
WORK-359FF56D3A0F0977,REC-7C4BA136157B6978,peer-reviewed manifestation; latest version breaks ties,1,"[""REC-7C4BA136157B6978""]","[""arxiv:2109.02484"",""doi:10.1145/3445814.3446755"",""title_sha256:463d44e9de9418e2""]",Compiler-Driven FPGA Virtualization with SYNERGY,compiler driven fpga virtualization with synergy,Joshua Landgraf; Tiffany Yang; Will Lin; Christopher J. Rossbach; Eric Schkufza,2021,10.1145/3445814.3446755,2109.02484
WORK-62816B0246A8B41D,REC-5EBD295089780BF4,latest non-withdrawn preprint,1,"[""REC-5EBD295089780BF4""]","[""arxiv:2109.14349"",""title_sha256:e1e1a84d7cea468e""]",Relational Memory: Native In-Memory Accesses on Rows and Columns,relational memory native in memory accesses on rows and columns,Shahin Roozkhosh; Denis Hoornaert; Ju Hyoung Mun; Tarikul Islam Papon; Ahmed Sanaullah; Ulrich Drepper; Renato Mancuso; Manos Athanassoulis,2021,,2109.14349
WORK-0C3EACD3CB42E3DF,REC-BE790A13874474BF,latest non-withdrawn preprint,1,"[""REC-BE790A13874474BF""]","[""arxiv:2109.14704"",""title_sha256:dbb18b8c9169fc43""]",Accelerating Encrypted Computing on Intel GPUs,accelerating encrypted computing on intel gpus,Yujia Zhai; Mohannad Ibrahim; Yiqin Qiu; Fabian Boemer; Zizhong Chen; Alexey Titov; Alexander Lyashevsky,2021,,2109.14704
WORK-A4ECD505E115114C,REC-76DCF46E7848DAB7,latest non-withdrawn preprint,1,"[""REC-76DCF46E7848DAB7""]","[""arxiv:2110.06155"",""title_sha256:680e3bb6e20751ae""]",Memory-Efficient CNN Accelerator Based on Interlayer Feature Map Compression,memory efficient cnn accelerator based on interlayer feature map compression,Zhuang Shao; Xiaoliang Chen; Li Du; Lei Chen; Yuan Du; Wei Zhuang; Huadong Wei; Chenjia Xie; Zhongfeng Wang,2021,,2110.06155
WORK-70D4B2A462A12E63,REC-F75ACEF70BC3579F,latest non-withdrawn preprint,1,"[""REC-F75ACEF70BC3579F""]","[""arxiv:2110.10030"",""title_sha256:92ed17c40d515016""]",Accelerating Framework of Transformer by Hardware Design and Model Compression Co-Optimization,accelerating framework of transformer by hardware design and model compression co optimization,Panjie Qi; Edwin Hsing-Mean Sha; Qingfeng Zhuge; Hongwu Peng; Shaoyi Huang; Zhenglun Kong; Yuhong Song; Bingbing Li,2021,,2110.10030
WORK-58477C2CF381B6C9,REC-B7FF364706B031F7,peer-reviewed manifestation; latest version breaks ties,1,"[""REC-B7FF364706B031F7""]","[""arxiv:2110.11290"",""doi:10.3390/app11156790"",""title_sha256:4f7fbae33b10159b""]",Physical Side-Channel Attacks on Embedded Neural Networks: A Survey,physical side channel attacks on embedded neural networks a survey,Maria Méndez Real; Rubén Salvador,2021,10.3390/app11156790,2110.11290
WORK-0A1FBBD9BCC0AF75,REC-641104861DB63DFC,peer-reviewed manifestation; latest version breaks ties,1,"[""REC-641104861DB63DFC""]","[""arxiv:2111.03902"",""doi:10.1088/1748-0221/16/11/t11008"",""title_sha256:bd676aaf3469f455""]",Development of an FPGA-based realtime DAQ system for axion haloscope experiments,development of an fpga based realtime daq system for axion haloscope experiments,MyeongJae Lee; ByeongRok Ko; Saebyeok Ahn,2021,10.1088/1748-0221/16/11/t11008,2111.03902
WORK-CE660B2FAD9A6CCC,REC-4A6FA7206BAA75B4,latest non-withdrawn preprint,1,"[""REC-4A6FA7206BAA75B4""]","[""arxiv:2111.08297"",""title_sha256:094ec181a86bfaaf""]",Image Denoising in FPGA using Generic Risk Estimation,image denoising in fpga using generic risk estimation,Rinson Varghese; Chandrasekhar Seelamantula; Rathna G N; Ashutosh Gupta; Debajyoti Dhar,2021,,2111.08297
WORK-6262379DCE0876E7,REC-4677DAA8E1C4E7A9,peer-reviewed manifestation; latest version breaks ties,1,"[""REC-4677DAA8E1C4E7A9""]","[""arxiv:2112.07789"",""doi:10.1109/icfpt52863.2021.9609930"",""title_sha256:7bd9de2823b1c623""]",FLOWER: A comprehensive dataflow compiler for high-level synthesis,flower a comprehensive dataflow compiler for high level synthesis,Puya Amiri; Arsène Pérard-Gayot; Richard Membarth; Philipp Slusallek; Roland Leißa; Sebastian Hack,2021,10.1109/icfpt52863.2021.9609930,2112.07789
WORK-684B9A5F5ABE81CB,REC-2D18C1AB2332BD28,peer-reviewed manifestation; latest version breaks ties,1,"[""REC-2D18C1AB2332BD28""]","[""arxiv:2112.13149"",""doi:10.1109/tip.2015.2501725"",""title_sha256:dbef52dbfffe97b2""]",Fast and Scalable Computation of the Forward and Inverse Discrete Periodic Radon Transform,fast and scalable computation of the forward and inverse discrete periodic radon transform,Cesar Carranza; Daniel Llamocca; Marios Pattichis,2021,10.1109/tip.2015.2501725,2112.13149
WORK-38351CB53837E521,REC-82C674E8D7722312,peer-reviewed manifestation; latest version breaks ties,1,"[""REC-82C674E8D7722312""]","[""arxiv:2112.13150"",""doi:10.1109/tip.2017.2678799"",""title_sha256:28ffbe334300a9b3""]",Fast 2D Convolutions and Cross-Correlations Using Scalable Architectures,fast 2d convolutions and cross correlations using scalable architectures,Cesar Carranza; Daniel Llamocca; Marios Pattichis,2021,10.1109/tip.2017.2678799,2112.13150
WORK-9FE508DDDF3A9299,REC-C2D16149A62BB51E,latest non-withdrawn preprint,1,"[""REC-C2D16149A62BB51E""]","[""arxiv:2112.13890"",""title_sha256:959195e5cab9bec9""]",SPViT: Enabling Faster Vision Transformers via Soft Token Pruning,spvit enabling faster vision transformers via soft token pruning,Zhenglun Kong; Peiyan Dong; Xiaolong Ma; Xin Meng; Mengshu Sun; Wei Niu; Xuan Shen; Geng Yuan; Bin Ren; Minghai Qin; Hao Tang; Yanzhi Wang,2021,,2112.13890
WORK-3CCB7F61909FFF3D,REC-EB4A8C6C964584F8,latest non-withdrawn preprint,1,"[""REC-EB4A8C6C964584F8""]","[""arxiv:2201.06618"",""title_sha256:f881a835571a60a0""]",VAQF: Fully Automatic Software-Hardware Co-Design Framework for Low-Bit Vision Transformer,vaqf fully automatic software hardware co design framework for low bit vision transformer,Mengshu Sun; Haoyu Ma; Guoliang Kang; Yifan Jiang; Tianlong Chen; Xiaolong Ma; Zhangyang Wang; Yanzhi Wang,2022,,2201.06618
WORK-6262CB4B01D3C8B6,REC-F3DEAE2A615F1BEE,latest non-withdrawn preprint,1,"[""REC-F3DEAE2A615F1BEE""]","[""arxiv:2201.10114"",""title_sha256:040d1ce0c8d71b83""]",PowerGear: Early-Stage Power Estimation in FPGA HLS via Heterogeneous Edge-Centric GNNs,powergear early stage power estimation in fpga hls via heterogeneous edge centric gnns,Zhe Lin; Zike Yuan; Jieru Zhao; Wei Zhang; Hui Wang; Yonghong Tian,2022,,2201.10114
WORK-EC1F3835D1737B4E,REC-3197E8A9160CF79B,latest non-withdrawn preprint,1,"[""REC-3197E8A9160CF79B""]","[""arxiv:2201.11522"",""title_sha256:ed7132d0ba907b08""]",High-level Synthesis using the Julia Language,high level synthesis using the julia language,Benjamin Biggs; Ian McInerney; Eric C. Kerrigan; George A. Constantinides,2022,,2201.11522
WORK-FA9B0E171F7B8C5D,REC-5BA6F31CB89D22EF,peer-reviewed manifestation; latest version breaks ties,1,"[""REC-5BA6F31CB89D22EF""]","[""arxiv:2202.04976"",""doi:10.1016/j.nima.2022.167546"",""title_sha256:aad57e9b342996f0""]",Fast Muon Tracking with Machine Learning Implemented in FPGA,fast muon tracking with machine learning implemented in fpga,Chang Sun; Takumi Nakajima; Yuki Mitsumori; Yasuyuki Horii; Makoto Tomoto,2022,10.1016/j.nima.2022.167546,2202.04976
WORK-C85316E68F58B914,REC-09A364F2082BC906,latest non-withdrawn preprint,1,"[""REC-09A364F2082BC906""]","[""arxiv:2203.01414"",""title_sha256:a6526be737a1751f""]",ICARUS: A Specialized Architecture for Neural Radiance Fields Rendering,icarus a specialized architecture for neural radiance fields rendering,Chaolin Rao; Huangjie Yu; Haochuan Wan; Jindong Zhou; Yueyang Zheng; Yu Ma; Anpei Chen; Minye Wu; Binzhe Yuan; Pingqiang Zhou; Xin Lou; Jingyi Yu,2022,,2203.01414
WORK-4CFCA204F544F053,REC-1FB2D9363D418D3A,latest non-withdrawn preprint,1,"[""REC-1FB2D9363D418D3A""]","[""arxiv:2203.11295"",""title_sha256:8da0acd5ffea8547""]",Benchmarking Test-Time Unsupervised Deep Neural Network Adaptation on Edge Devices,benchmarking test time unsupervised deep neural network adaptation on edge devices,Kshitij Bhardwaj; James Diffenderfer; Bhavya Kailkhura; Maya Gokhale,2022,,2203.11295
WORK-5DB67EE59E0BFF00,REC-AED6C450CC7834B2,peer-reviewed manifestation; latest version breaks ties,1,"[""REC-AED6C450CC7834B2""]","[""arxiv:2205.03886"",""doi:10.1109/iccworkshops53468.2022.9914635"",""title_sha256:faa83f1ff918f699""]",Demo: Real-Time Semantic Communications with a Vision Transformer,demo real time semantic communications with a vision transformer,Hanju Yoo; Taehun Jung; Linglong Dai; Songkuk Kim; Chan-Byoung Chae,2022,10.1109/iccworkshops53468.2022.9914635,2205.03886
WORK-AB4E2D6C3B96F1D7,REC-BF8086DAD8681402,latest non-withdrawn preprint,1,"[""REC-BF8086DAD8681402""]","[""arxiv:2205.15062"",""title_sha256:2d0e62cba7137ee5""]",A Transistor Operations Model for Deep Learning Energy Consumption Scaling Law,a transistor operations model for deep learning energy consumption scaling law,Chen Li; Antonios Tsourdos; Weisi Guo,2022,,2205.15062
WORK-C44CCA8524BA3056,REC-447285B4B840EE11,peer-reviewed manifestation; latest version breaks ties,1,"[""REC-447285B4B840EE11""]","[""arxiv:2206.01146"",""doi:10.1142/s0129626412500090"",""title_sha256:9ed294b2471f0544""]",Block-Parallel Systolic-Array Architecture for 2-D NTT-based Fragile Watermark Embedding,block parallel systolic array architecture for 2 d ntt based fragile watermark embedding,H. P. L. Arjuna Madanayake; R. J. Cintra; V. S. Dimitrov; L. Bruton,2022,10.1142/s0129626412500090,2206.01146
WORK-71014ED658D44433,REC-61C90658EFFD39BF,latest non-withdrawn preprint,1,"[""REC-61C90658EFFD39BF""]","[""arxiv:2206.10461"",""title_sha256:a5773503b47a0f2c""]",An Automatic and Efficient BERT Pruning for Edge AI Systems,an automatic and efficient bert pruning for edge ai systems,Shaoyi Huang; Ning Liu; Yueying Liang; Hongwu Peng; Hongjia Li; Dongkuan Xu; Mimi Xie; Caiwen Ding,2022,,2206.10461
WORK-A0772686D61E888B,REC-DA2EC52C4B78AD71,latest non-withdrawn preprint,1,"[""REC-DA2EC52C4B78AD71""]","[""arxiv:2207.03782"",""title_sha256:fcf07bebd6190161""]",VidConv: A modernized 2D ConvNet for Efficient Video Recognition,vidconv a modernized 2d convnet for efficient video recognition,Chuong H. Nguyen; Su Huynh; Vinh Nguyen; Ngoc Nguyen,2022,,2207.03782
WORK-FEDC0DCFD1695A00,REC-B2475D779EEF408D,peer-reviewed manifestation; latest version breaks ties,1,"[""REC-B2475D779EEF408D""]","[""arxiv:2207.09054"",""doi:10.1109/tap.2019.2938704"",""title_sha256:83ed34ef83262642""]",Towards a Low-SWaP 1024-beam Digital Array: A 32-beam Sub-system at 5.8 GHz,towards a low swap 1024 beam digital array a 32 beam sub system at 5 8 ghz,Arjuna Madanayake; Viduneth Ariyarathna; Suresh Madishetty; Sravan Pulipati; R. J. Cintra; Diego Coelho; Raíza Oliveira; Fábio M. Bayer; Leonid Belostotski; Soumyajit Mandal; Theodore S. Rappaport,2022,10.1109/tap.2019.2938704,2207.09054
WORK-798576DA3360CBE1,REC-27EC4FCAD057D2AF,latest non-withdrawn preprint,1,"[""REC-27EC4FCAD057D2AF""]","[""arxiv:2207.10723"",""title_sha256:6af7a8edffbcc6d6""]",Hardware-Efficient Template-Based Deep CNNs Accelerator Design,hardware efficient template based deep cnns accelerator design,Azzam Alhussain; Mingjie Lin,2022,,2207.10723
WORK-3BC6C06DF0CC5926,REC-4894CC10C8AB67A3,peer-reviewed manifestation; latest version breaks ties,1,"[""REC-4894CC10C8AB67A3""]","[""arxiv:2207.14463"",""doi:10.3390/jlpea8040046"",""title_sha256:9b9373f70ee27a3d""]",Low-Complexity Loeffler DCT Approximations for Image and Video Coding,low complexity loeffler dct approximations for image and video coding,D. F. G. Coelho; R. J. Cintra; F. M. Bayer; S. Kulasekera; A. Madanayake; P. A. C. Martinez; T. L. T. Silveira; R. S. Oliveira; V. S. Dimitrov,2022,10.3390/jlpea8040046,2207.14463
WORK-38BF32F01373E3F9,REC-09886EF1B7D2452B,peer-reviewed manifestation; latest version breaks ties,1,"[""REC-09886EF1B7D2452B""]","[""arxiv:2208.03646"",""doi:10.1145/3489517.3530585"",""title_sha256:e0cb4632b5c7fc93""]",A Length Adaptive Algorithm-Hardware Co-design of Transformer on FPGA Through Sparse Attention and Dynamic Pipelining,a length adaptive algorithm hardware co design of transformer on fpga through sparse attention and dynamic pipelining,Hongwu Peng; Shaoyi Huang; Shiyang Chen; Bingbing Li; Tong Geng; Ang Li; Weiwen Jiang; Wujie Wen; Jinbo Bi; Hang Liu; Caiwen Ding,2022,10.1145/3489517.3530585,2208.03646
WORK-08FAB232B669E96A,REC-D9F3C753FC29AAD4,latest non-withdrawn preprint,1,"[""REC-D9F3C753FC29AAD4""]","[""arxiv:2208.05163"",""title_sha256:65e6c9ecca136e11""]",Auto-ViT-Acc: An FPGA-Aware Automatic Acceleration Framework for Vision Transformer with Mixed-Scheme Quantization,auto vit acc an fpga aware automatic acceleration framework for vision transformer with mixed scheme quantization,Zhengang Li; Mengshu Sun; Alec Lu; Haoyu Ma; Geng Yuan; Yanyue Xie; Hao Tang; Yanyu Li; Miriam Leeser; Zhangyang Wang; Xue Lin; Zhenman Fang,2022,,2208.05163
WORK-C8C7DD2493E18982,REC-07348ADFD0A3279E,peer-reviewed manifestation; latest version breaks ties,1,"[""REC-07348ADFD0A3279E""]","[""arxiv:2208.06118"",""doi:10.1109/tvlsi.2022.3197282"",""title_sha256:a217ce7aab8ba1aa""]",An Algorithm-Hardware Co-Optimized Framework for Accelerating N:M Sparse Transformers,an algorithm hardware co optimized framework for accelerating n m sparse transformers,Chao Fang; Aojun Zhou; Zhongfeng Wang,2022,10.1109/tvlsi.2022.3197282,2208.06118
WORK-D9E6AAAC2CFDFAC7,REC-A1560326B01F3E64,latest non-withdrawn preprint,1,"[""REC-A1560326B01F3E64""]","[""arxiv:2208.10332"",""title_sha256:74c58e24b48d7bf4""]",Optimizing digital spectrometers for radioastronomical observations,optimizing digital spectrometers for radioastronomical observations,Gerrit Grutzeck,2022,,2208.10332
WORK-79AEA3C39C57A7C1,REC-79C05654ACFFF3E5,latest non-withdrawn preprint,1,"[""REC-79C05654ACFFF3E5""]","[""arxiv:2209.02314"",""title_sha256:22782a3ea3ddbbc7""]",A Multi-FPGA High Performance Computing System for 3D FFT-based Numerical Simulations,a multi fpga high performance computing system for 3d fft based numerical simulations,Roberto Ammendola,2022,,2209.02314
WORK-554D321D3BDABBA2,REC-EEEA57D7E193DA78,latest non-withdrawn preprint,1,"[""REC-EEEA57D7E193DA78""]","[""arxiv:2209.03353"",""title_sha256:50706590642b69d4""]",Learned Image Compression with Generalized Octave Convolution and Cross-Resolution Parameter Estimation,learned image compression with generalized octave convolution and cross resolution parameter estimation,Haisheng Fu; Feng Liang,2022,,2209.03353
WORK-4930858FF8B14F40,REC-F05D5A696ACC9648,latest non-withdrawn preprint,1,"[""REC-F05D5A696ACC9648""]","[""arxiv:2209.09570"",""title_sha256:7f3beef9de52d19b""]",Adaptable Butterfly Accelerator for Attention-based NNs via Hardware and Algorithm Co-design,adaptable butterfly accelerator for attention based nns via hardware and algorithm co design,Hongxiang Fan; Thomas Chau; Stylianos I. Venieris; Royson Lee; Alexandros Kouris; Wayne Luk; Nicholas D. Lane; Mohamed S. Abdelfattah,2022,,2209.09570
WORK-E2DE341FFF77BC47,REC-DACDD99CB85CF6D1,latest non-withdrawn preprint,1,"[""REC-DACDD99CB85CF6D1""]","[""arxiv:2209.10797"",""title_sha256:042928d356924ff3""]",DFX: A Low-latency Multi-FPGA Appliance for Accelerating Transformer-based Text Generation,dfx a low latency multi fpga appliance for accelerating transformer based text generation,Seongmin Hong; Seungjae Moon; Junsoo Kim; Sungjae Lee; Minsub Kim; Dongsoo Lee; Joo-Young Kim,2022,,2209.10797
WORK-4C668A7F3E771A0E,REC-5A6C902321EA037F,peer-reviewed manifestation; latest version breaks ties,1,"[""REC-5A6C902321EA037F""]","[""arxiv:2209.15436"",""doi:10.1109/access.2022.3219871"",""title_sha256:f75d05083dd6ee47""]","XR-RF Imaging Enabled by Software-Defined Metasurfaces and Machine Learning: Foundational Vision, Technologies and Challenges",xr rf imaging enabled by software defined metasurfaces and machine learning foundational vision technologies and challenges,C. Liaskos; A. Tsioliaridou; K. Georgopoulos; G. Morianos; S. Ioannidis; I. Salem; D. Manessis; S. Schmid D. Tyrovolas; S. A. Tegos; P. -V. Mekikis; P. D. Diamantoulakis; A. Pitilakis; N. Kantartzis; G. K. Karagiannidis A. Tasolamprou; O. Tsilipakos; M. Kafesaki; I. F. Akyildiz; A. Pitsillides; M. Pateraki; M. Vakalellis; I. Spais,2022,10.1109/access.2022.3219871,2209.15436
WORK-4D1A8D66B15A5ADE,REC-6FB8D6370DDA238B,latest non-withdrawn preprint,1,"[""REC-6FB8D6370DDA238B""]","[""arxiv:2210.09481"",""title_sha256:dda26fea73c53fd9""]",FPGA Hardware Acceleration for Feature-Based Relative Navigation Applications,fpga hardware acceleration for feature based relative navigation applications,Ramchander Rao Bhaskara; Manoranjan Majji,2022,,2210.09481
WORK-925641344ED78E94,REC-A2503EFE5BB738CE,latest non-withdrawn preprint,1,"[""REC-A2503EFE5BB738CE""]","[""arxiv:2210.12703"",""title_sha256:da3f472cb65cd30b""]",Transformations for accelerator-based quantum circuit simulation in Haskell,transformations for accelerator based quantum circuit simulation in haskell,Youssef Moawad; Wim Vanderbauwhede; René Steijl,2022,,2210.12703
WORK-5B6F84F0C6192010,REC-4C2E95DDB8B7F21F,latest non-withdrawn preprint,1,"[""REC-4C2E95DDB8B7F21F""]","[""arxiv:2210.14793"",""title_sha256:8d0392c0308b67c0""]",M$^3$ViT: Mixture-of-Experts Vision Transformer for Efficient Multi-task Learning with Model-Accelerator Co-design,m 3 vit mixture of experts vision transformer for efficient multi task learning with model accelerator co design,Hanxue Liang; Zhiwen Fan; Rishov Sarkar; Ziyu Jiang; Tianlong Chen; Kai Zou; Yu Cheng; Cong Hao; Zhangyang Wang,2022,,2210.14793
WORK-BF1B408F67B2A47C,REC-D2117C9C65232AA0,peer-reviewed manifestation; latest version breaks ties,1,"[""REC-D2117C9C65232AA0""]","[""arxiv:2211.03881"",""title_sha256:ea797724f8e92213""]","Ultrafast Image Retrieval from a Holographic Memory Disc for High-Speed Operation of a Shift, Scale, and Rotation Invariant Target Recognition System",ultrafast image retrieval from a holographic memory disc for high speed operation of a shift scale and rotation invariant target recognition system,Julian Gamboa; Xi Shen; Tabassom Hamidfar; Selim M. Shahriar,2022,,2211.03881
WORK-B385DE9F75753FA4,REC-B797976E8C3DD74B,latest non-withdrawn preprint,1,"[""REC-B797976E8C3DD74B""]","[""arxiv:2211.06475"",""title_sha256:378d509f260e8470""]",High-Level Synthesis for Packet-Processing Pipelines,high level synthesis for packet processing pipelines,Xiangyu Gao; Divya Raghunathan; Ruijie Fang; Tao Wang; Xiaotong Zhu; Anirudh Sivaraman; Srinivas Narayana; Aarti Gupta,2022,,2211.06475
WORK-9F202AF24ADDE517,REC-461426DFCC1AA131,latest non-withdrawn preprint,1,"[""REC-461426DFCC1AA131""]","[""arxiv:2211.08110"",""title_sha256:8e92cd5c736d9925""]",HeatViT: Hardware-Efficient Adaptive Token Pruning for Vision Transformers,heatvit hardware efficient adaptive token pruning for vision transformers,Peiyan Dong; Mengshu Sun; Alec Lu; Yanyue Xie; Kenneth Liu; Zhenglun Kong; Xin Meng; Zhengang Li; Xue Lin; Zhenman Fang; Yanzhi Wang,2022,,2211.08110
WORK-AF1BEB366A84BD62,REC-F5EC31B9648B775E,latest non-withdrawn preprint,1,"[""REC-F5EC31B9648B775E""]","[""arxiv:2211.14547"",""title_sha256:5548de800c2a3050""]",Profile-Guided Parallel Task Extraction and Execution for Domain Specific Heterogeneous SoC,profile guided parallel task extraction and execution for domain specific heterogeneous soc,Liangliang Chang; Joshua Mack; Benjamin Willis; Xing Chen; John Brunhaver; Ali Akoglu; Chaitali Chakrabarti,2022,,2211.14547
WORK-016028D1606E48F4,REC-532363BE02AE8521,peer-reviewed manifestation; latest version breaks ties,1,"[""REC-532363BE02AE8521""]","[""arxiv:2301.01454"",""doi:10.1109/fpl57034.2022.00013"",""title_sha256:c69dd51dcc9ca607""]","Accurate, Low-latency, Efficient SAR Automatic Target Recognition on FPGA",accurate low latency efficient sar automatic target recognition on fpga,Bingyi Zhang; Rajgopal Kannan; Viktor Prasanna; Carl Busart,2023,10.1109/fpl57034.2022.00013,2301.01454
WORK-5C4897C26C108340,REC-FD5A471D9856BBC7,latest non-withdrawn preprint,1,"[""REC-FD5A471D9856BBC7""]","[""arxiv:2302.02959"",""title_sha256:dcdfd758b8c62a80""]","Rule-based High-level Hardware-RTL Synthesis of Algorithms, Virtualizing Machines, and Communication Protocols with FPGAs based on Concurrent Communicating Sequential Processes and the ConPro Synthesis Framework",rule based high level hardware rtl synthesis of algorithms virtualizing machines and communication protocols with fpgas based on concurrent communicating sequential processes and the conpro synthesis framework,Stefan Bosse,2023,,2302.02959
WORK-3D6A9BFA249BF2A9,REC-786ADC1381CD7C7C,latest non-withdrawn preprint,1,"[""REC-786ADC1381CD7C7C""]","[""arxiv:2303.00299"",""title_sha256:1acca52e8542d08a""]",Static Power Consumption Modeling and Measurement of Reconfigurable Intelligent Surfaces,static power consumption modeling and measurement of reconfigurable intelligent surfaces,Jinghe Wang; Wankai Tang; Shi Jin; Xiao Li; Michail Matthaiou,2023,,2303.00299
WORK-221D4F0B94090672,REC-5FD6C290B90048C6,peer-reviewed manifestation; latest version breaks ties,1,"[""REC-5FD6C290B90048C6""]","[""arxiv:2303.02799"",""doi:10.1038/s41598-023-34195-8"",""title_sha256:d41ea190067f71ff""]",Programming nonreciprocity and harmonic beam steering via a digitally space-time-coded metamaterial antenna,programming nonreciprocity and harmonic beam steering via a digitally space time coded metamaterial antenna,Shaghayegh Vosoughitabar; Chung-Tse Michael Wu,2023,10.1038/s41598-023-34195-8,2303.02799
WORK-BF21FF2DF8AB8862,REC-B1AB3CDD99DC6F68,latest non-withdrawn preprint,1,"[""REC-B1AB3CDD99DC6F68""]","[""arxiv:2303.12901"",""title_sha256:ed58114271d8a24a""]",Dynasparse: Accelerating GNN Inference through Dynamic Sparsity Exploitation,dynasparse accelerating gnn inference through dynamic sparsity exploitation,Bingyi Zhang; Viktor Prasanna,2023,,2303.12901
WORK-5ACEFF26E28898C8,REC-B1E7232B88648FB9,peer-reviewed manifestation; latest version breaks ties,1,"[""REC-B1E7232B88648FB9""]","[""arxiv:2303.13601"",""title_sha256:1b9ca36332e9ee78""]",Scaled Quantization for the Vision Transformer,scaled quantization for the vision transformer,Yangyang Chang; Gerald E. Sobelman,2023,,2303.13601
WORK-32CADE73B70D3B1D,REC-A3BF29C8BC422359,latest non-withdrawn preprint,1,"[""REC-A3BF29C8BC422359""]","[""arxiv:2304.02510"",""title_sha256:e6f75865b2f1edbd""]",FPGA-Patch: Mitigating Remote Side-Channel Attacks on FPGAs using Dynamic Patch Generation,fpga patch mitigating remote side channel attacks on fpgas using dynamic patch generation,Mahya Morid Ahmadi; Lilas Alrahis; Ozgur Sinanoglu; Muhammad Shafique,2023,,2304.02510
WORK-1CAEED2E683E919F,REC-B1B744172924155F,latest non-withdrawn preprint,1,"[""REC-B1B744172924155F""]","[""arxiv:2305.03018"",""title_sha256:89214ea9c4d41d8c""]",The Polynomial Connection between Morphological Dilation and Discrete Convolution,the polynomial connection between morphological dilation and discrete convolution,Vivek Sridhar; Keyvan Shahin; Michael Breuß; Marc Reichenbach,2023,,2305.03018
WORK-1AD5564F25ACF064,REC-030A349885C6007C,latest non-withdrawn preprint,1,"[""REC-030A349885C6007C""]","[""arxiv:2305.04887"",""title_sha256:a0ac50b8fd447357""]",Hardware Acceleration of Explainable Artificial Intelligence,hardware acceleration of explainable artificial intelligence,Zhixin Pan; Prabhat Mishra,2023,,2305.04887
WORK-F0F6763FD5695323,REC-5F8D8FEE55A44AE2,latest non-withdrawn preprint,1,"[""REC-5F8D8FEE55A44AE2""]","[""arxiv:2305.09834"",""title_sha256:bcc60f6b8ba7c343""]",The Tiny Triplet Finder as a Versatile Track Segment Seeding Engine for Trigger Systems,the tiny triplet finder as a versatile track segment seeding engine for trigger systems,Jinyuan Wu,2023,,2305.09834
WORK-3E03DA9352167DD4,REC-1E7441F9766064EE,latest non-withdrawn preprint,1,"[""REC-1E7441F9766064EE""]","[""arxiv:2305.10838"",""title_sha256:7b553752e83cf704""]",ProgSG: Cross-Modality Representation Learning for Programs in Electronic Design Automation,progsg cross modality representation learning for programs in electronic design automation,Yunsheng Bai; Atefeh Sohrabizadeh; Zongyue Qin; Ziniu Hu; Yizhou Sun; Jason Cong,2023,,2305.10838
WORK-2812841B4B991927,REC-03B61755E4BFDD6B,latest non-withdrawn preprint,1,"[""REC-03B61755E4BFDD6B""]","[""arxiv:2305.12824"",""title_sha256:4cc66578672fc989""]",FieldHAR: A Fully Integrated End-to-end RTL Framework for Human Activity Recognition with Neural Networks from Heterogeneous Sensors,fieldhar a fully integrated end to end rtl framework for human activity recognition with neural networks from heterogeneous sensors,Mengxi Liu; Bo Zhou; Zimin Zhao; Hyeonseok Hong; Hyun Kim; Sungho Suh; Vitor Fortes Rey; Paul Lukowicz,2023,,2305.12824
WORK-1077CC27B9DBB0E7,REC-EB622A25C915E5D5,latest non-withdrawn preprint,1,"[""REC-EB622A25C915E5D5""]","[""arxiv:2305.15999"",""title_sha256:21de77404ba7609d""]",An Overview of FPGA-inspired Obfuscation Techniques,an overview of fpga inspired obfuscation techniques,Zain Ul Abideen; Sumathi Gokulanathan; Muayad J. Aljafar; Samuel Pagliarini,2023,,2305.15999
WORK-2D44FCCE8D9826E3,REC-66B094C6BAA51FA7,latest non-withdrawn preprint,1,"[""REC-66B094C6BAA51FA7""]","[""arxiv:2305.18691"",""title_sha256:fd0ab8ca309b2d55""]",Edge-MoE: Memory-Efficient Multi-Task Vision Transformer Architecture with Task-level Sparsity via Mixture-of-Experts,edge moe memory efficient multi task vision transformer architecture with task level sparsity via mixture of experts,Rishov Sarkar; Hanxue Liang; Zhiwen Fan; Zhangyang Wang; Cong Hao,2023,,2305.18691
WORK-973A8436D1EDB6AE,REC-1C939925CE9E62FF,peer-reviewed manifestation; latest version breaks ties,1,"[""REC-1C939925CE9E62FF""]","[""arxiv:2305.19896"",""doi:10.1109/fpl60245.2023.00020"",""title_sha256:9b11ecf4c79ec641""]",fpgaHART: A toolflow for throughput-oriented acceleration of 3D CNNs for HAR onto FPGAs,fpgahart a toolflow for throughput oriented acceleration of 3d cnns for har onto fpgas,Petros Toupas; Christos-Savvas Bouganis; Dimitrios Tzovaras,2023,10.1109/fpl60245.2023.00020,2305.19896
WORK-D2AC7DC7828CC30D,REC-0F2A03A0DF86FD27,latest non-withdrawn preprint,1,"[""REC-0F2A03A0DF86FD27""]","[""arxiv:2306.05021"",""title_sha256:bd00c23ef56d4095""]",Mixed-TD: Efficient Neural Network Accelerator with Layer-Specific Tensor Decomposition,mixed td efficient neural network accelerator with layer specific tensor decomposition,Zhewen Yu; Christos-Savvas Bouganis,2023,,2306.05021
WORK-ABC385BEAF195807,REC-0ED11F871A636313,peer-reviewed manifestation; latest version breaks ties,1,"[""REC-0ED11F871A636313""]","[""arxiv:2306.08746"",""doi:10.1109/fpl60245.2023.00042"",""title_sha256:0ee483e23317b76e""]",MetaML: Automating Customizable Cross-Stage Design-Flow for Deep Learning Acceleration,metaml automating customizable cross stage design flow for deep learning acceleration,Zhiqiang Que; Shuo Liu; Markus Rognlien; Ce Guo; Jose G. F. Coutinho; Wayne Luk,2023,10.1109/fpl60245.2023.00042,2306.08746
WORK-F7174A46A928C00B,REC-5B72DD0EC4232AAC,latest non-withdrawn preprint,1,"[""REC-5B72DD0EC4232AAC""]","[""arxiv:2307.07319"",""title_sha256:222fbacb02e3b384""]",The Power of Large Language Models for Wireless Communication System Development: A Case Study on FPGA Platforms,the power of large language models for wireless communication system development a case study on fpga platforms,Yuyang Du; Hongyu Deng; Soung Chang Liew; Kexin Chen; Yulin Shao; He Chen,2023,,2307.07319
WORK-623D701A22B5E4FE,REC-1C3DF74FE00A7869,peer-reviewed manifestation; latest version breaks ties,1,"[""REC-1C3DF74FE00A7869""]","[""arxiv:2308.04261"",""doi:10.1007/s11227-023-05578-5"",""title_sha256:90df90ac34b47b5f""]",Novel Area-Efficient and Flexible Architectures for Optimal Ate Pairing on FPGA,novel area efficient and flexible architectures for optimal ate pairing on fpga,Oussama Azzouzi; Mohamed Anane; Mouloud Koudil; Mohamed Issad; Yassine Himeur,2023,10.1007/s11227-023-05578-5,2308.04261
WORK-EEA9C79FA86878BA,REC-BCFB3C4AFAE3811E,peer-reviewed manifestation; latest version breaks ties,1,"[""REC-BCFB3C4AFAE3811E""]","[""arxiv:2308.05930"",""doi:10.1109/iccad57390.2023.10323650"",""title_sha256:ca3fc327c52b4559""]",INR-Arch: A Dataflow Architecture and Compiler for Arbitrary-Order Gradient Computations in Implicit Neural Representation Processing,inr arch a dataflow architecture and compiler for arbitrary order gradient computations in implicit neural representation processing,Stefan Abi-Karam; Rishov Sarkar; Dejia Xu; Zhiwen Fan; Zhangyang Wang; Cong Hao,2023,10.1109/iccad57390.2023.10323650,2308.05930
WORK-A39D9A95839EB26B,REC-1D91E09883329FFA,latest non-withdrawn preprint,1,"[""REC-1D91E09883329FFA""]","[""arxiv:2308.06849"",""title_sha256:7214042257397746""]",When Monte-Carlo Dropout Meets Multi-Exit: Optimizing Bayesian Neural Networks on FPGA,when monte carlo dropout meets multi exit optimizing bayesian neural networks on fpga,Hongxiang Fan; Hao Chen; Liam Castelli; Zhiqiang Que; He Li; Kenneth Long; Wayne Luk,2023,,2308.06849
WORK-17A0A20AECE62821,REC-5379D6B857EA5D12,latest non-withdrawn preprint,1,"[""REC-5379D6B857EA5D12""]","[""arxiv:2308.13922"",""title_sha256:da14d97068c75092""]",An Efficient FPGA-Based Accelerator for Swin Transformer,an efficient fpga based accelerator for swin transformer,Zhiyang Liu; Pengyu Yin; Zhenhua Ren,2023,,2308.13922
WORK-55DD95AAFB8A7368,REC-A4176B89BC21CA65,latest non-withdrawn preprint,1,"[""REC-A4176B89BC21CA65""]","[""arxiv:2309.12917"",""title_sha256:bab32c4ba1b391e0""]",Platform-Aware FPGA System Architecture Generation based on MLIR,platform aware fpga system architecture generation based on mlir,Stephanie Soldavini; Christian Pilato,2023,,2309.12917
WORK-F2094FB5495FFE07,REC-03737A3859757540,latest non-withdrawn preprint,1,"[""REC-03737A3859757540""]","[""arxiv:2310.01906"",""title_sha256:b832c506e3de7963""]",Implementation of hyperspectral inversion algorithms on FPGA: Hardware comparison using High Level Synthesis,implementation of hyperspectral inversion algorithms on fpga hardware comparison using high level synthesis,El Mehdi Abdali; Daniele Picone; Mauro Dalla-Mura; Stéphane Mancini,2023,,2310.01906
WORK-B4E78ACC064EADB3,REC-BCED24E48DF96CCD,latest non-withdrawn preprint,1,"[""REC-BCED24E48DF96CCD""]","[""arxiv:2310.02654"",""title_sha256:bdb66545b4678ce1""]",A Study of Quantisation-aware Training on Time Series Transformer Models for Resource-constrained FPGAs,a study of quantisation aware training on time series transformer models for resource constrained fpgas,Tianheng Ling; Chao Qian; Lukas Einhaus; Gregor Schiele,2023,,2310.02654
WORK-2A491AA890291851,REC-366753D8F671C3E6,peer-reviewed manifestation; latest version breaks ties,1,"[""REC-366753D8F671C3E6""]","[""arxiv:2310.04618"",""doi:10.1109/iccad57390.2023.10323839"",""title_sha256:9259d43a4e8983b6""]",KyberMat: Efficient Accelerator for Matrix-Vector Polynomial Multiplication in CRYSTALS-Kyber Scheme via NTT and Polyphase Decomposition,kybermat efficient accelerator for matrix vector polynomial multiplication in crystals kyber scheme via ntt and polyphase decomposition,Weihang Tan; Yingjie Lao; Keshab K. Parhi,2023,10.1109/iccad57390.2023.10323839,2310.04618
WORK-E82CFE468C9C41A7,REC-3F04DF5486FF18BF,latest non-withdrawn preprint,1,"[""REC-3F04DF5486FF18BF""]","[""arxiv:2310.09949"",""title_sha256:ed97321b1c83b547""]",Chameleon: a Heterogeneous and Disaggregated Accelerator System for Retrieval-Augmented Language Models,chameleon a heterogeneous and disaggregated accelerator system for retrieval augmented language models,Wenqi Jiang; Marco Zeller; Roger Waleffe; Torsten Hoefler; Gustavo Alonso,2023,,2310.09949
WORK-5727C5705326A8F4,REC-951785FA7828CC56,latest non-withdrawn preprint,1,"[""REC-951785FA7828CC56""]","[""arxiv:2311.04581"",""title_sha256:8ac65c43604c780b""]",KiD: A Hardware Design Framework Targeting Unified NTT Multiplication for CRYSTALS-Kyber and CRYSTALS-Dilithium on FPGA,kid a hardware design framework targeting unified ntt multiplication for crystals kyber and crystals dilithium on fpga,Suraj Mandal; Debapriya Basu Roy,2023,,2311.04581
WORK-7B9EAF883E2299D5,REC-432F7854F5018CF5,latest non-withdrawn preprint,1,"[""REC-432F7854F5018CF5""]","[""arxiv:2311.12082"",""title_sha256:da835cb3139d09fb""]",Tiny-VBF: Resource-Efficient Vision Transformer based Lightweight Beamformer for Ultrasound Single-Angle Plane Wave Imaging,tiny vbf resource efficient vision transformer based lightweight beamformer for ultrasound single angle plane wave imaging,Abdul Rahoof; Vivek Chaturvedi; Mahesh Raveendranatha Panicker; Muhammad Shafique,2023,,2311.12082
WORK-C12145DDB7423D65,REC-D9405439DEC665EE,latest non-withdrawn preprint,1,"[""REC-D9405439DEC665EE""]","[""arxiv:2311.12359"",""title_sha256:350f44a2f7e5c71e""]",Shedding the Bits: Pushing the Boundaries of Quantization with Minifloats on FPGAs,shedding the bits pushing the boundaries of quantization with minifloats on fpgas,Shivam Aggarwal; Hans Jakob Damsgaard; Alessandro Pappalardo; Giuseppe Franco; Thomas B. Preußer; Michaela Blott; Tulika Mitra,2023,,2311.12359
WORK-688ADEA2C66217F1,REC-8079DF7689E5D2AD,latest non-withdrawn preprint,1,"[""REC-8079DF7689E5D2AD""]","[""arxiv:2311.12449"",""title_sha256:7accc67c8baa63a3""]",HPCNeuroNet: Advancing Neuromorphic Audio Signal Processing with Transformer-Enhanced Spiking Neural Networks,hpcneuronet advancing neuromorphic audio signal processing with transformer enhanced spiking neural networks,Murat Isik; Hiruna Vishwamith; Kayode Inadagbo; I. Can Dikmen,2023,,2311.12449
WORK-07EED84E7B19B4D8,REC-03DB065D26928ABC,latest non-withdrawn preprint,1,"[""REC-03DB065D26928ABC""]","[""arxiv:2312.14392"",""title_sha256:95f0e6fd54f3d009""]",Wideband Sample Rate Converter Using Cascaded Parallel-serial Structure for Synthetic Instrumentation,wideband sample rate converter using cascaded parallel serial structure for synthetic instrumentation,Ruiyuan Ming; Peng Ye; Kuojun Yang; Zhixiang Pan; Li chen; Xuetao Liu,2023,,2312.14392
WORK-E16D1DA19CB5E658,REC-69006487AF098BB4,peer-reviewed manifestation; latest version breaks ties,1,"[""REC-69006487AF098BB4""]","[""arxiv:2312.15159"",""doi:10.1145/3656177"",""title_sha256:45a7faaa4f81ad33""]",Understanding the Potential of FPGA-Based Spatial Acceleration for Large Language Model Inference,understanding the potential of fpga based spatial acceleration for large language model inference,Hongzheng Chen; Jiahao Zhang; Yixiao Du; Shaojie Xiang; Zichao Yue; Niansong Zhang; Yaohui Cai; Zhiru Zhang,2023,10.1145/3656177,2312.15159
WORK-6BF0820D9150F9CA,REC-AA2294917DBE09FA,peer-reviewed manifestation; latest version breaks ties,1,"[""REC-AA2294917DBE09FA""]","[""arxiv:2401.01150"",""doi:10.14778/3675034.3675047"",""title_sha256:31b0658a1d8d56f7""]",CXL and the Return of Scale-Up Database Engines,cxl and the return of scale up database engines,Alberto Lerner; Gustavo Alonso,2024,10.14778/3675034.3675047,2401.01150
WORK-9533F9E8878DED1F,REC-0E92CE28414078EE,peer-reviewed manifestation; latest version breaks ties,1,"[""REC-0E92CE28414078EE""]","[""arxiv:2401.02721"",""doi:10.1109/access.2024.3480977"",""title_sha256:eca2d904dc0766f8""]",A Cost-Efficient FPGA Implementation of Tiny Transformer Model using Neural ODE,a cost efficient fpga implementation of tiny transformer model using neural ode,Ikumi Okubo; Keisuke Sugiura; Hiroki Matsutani,2024,10.1109/access.2024.3480977,2401.02721
WORK-E236C8566735C650,REC-9DD301C82F69C383,latest non-withdrawn preprint,1,"[""REC-9DD301C82F69C383""]","[""arxiv:2401.03868"",""title_sha256:61b99f27282d1f27""]",FlightLLM: Efficient Large Language Model Inference with a Complete Mapping Flow on FPGAs,flightllm efficient large language model inference with a complete mapping flow on fpgas,Shulin Zeng; Jun Liu; Guohao Dai; Xinhao Yang; Tianyu Fu; Hongyi Wang; Wenheng Ma; Hanbo Sun; Shiyao Li; Zixiao Huang; Yadong Dai; Jintao Li; Zehao Wang; Ruoyu Zhang; Kairui Wen; Xuefei Ning; Yu Wang,2024,,2401.03868
WORK-88E810112C6CFB1C,REC-18A9873A1ED2419D,latest non-withdrawn preprint,1,"[""REC-18A9873A1ED2419D""]","[""arxiv:2401.05154"",""title_sha256:c0434565ca247a76""]",An Optimizing Framework on MLIR for Efficient FPGA-based Accelerator Generation,an optimizing framework on mlir for efficient fpga based accelerator generation,Weichuang Zhang; Jieru Zhao; Guan Shen; Quan Chen; Chen Chen; Minyi Guo,2024,,2401.05154
WORK-EE39B4EBD76D99F0,REC-5D437477A3B3F0CC,peer-reviewed manifestation; latest version breaks ties,1,"[""REC-5D437477A3B3F0CC""]","[""arxiv:2401.09890"",""doi:10.3390/app15020586"",""title_sha256:ab02a08745ef376c""]",A Survey on Hardware Accelerators for Large Language Models,a survey on hardware accelerators for large language models,Christoforos Kachris,2024,10.3390/app15020586,2401.09890
WORK-343E52C3DEBB2F14,REC-AAF5141FDB3D1BC0,latest non-withdrawn preprint,1,"[""REC-AAF5141FDB3D1BC0""]","[""arxiv:2401.10364"",""title_sha256:a548aabda842823d""]","Using LLM such as ChatGPT for Designing and Implementing a RISC Processor: Execution,Challenges and Limitations",using llm such as chatgpt for designing and implementing a risc processor execution challenges and limitations,Shadeeb Hossain; Aayush Gohil; Yizhou Wang,2024,,2401.10364
WORK-803E18BC7DD41B34,REC-EB5DF096D8CCF2D9,peer-reviewed manifestation; latest version breaks ties,1,"[""REC-EB5DF096D8CCF2D9""]","[""arxiv:2401.10417"",""doi:10.1145/3626202.3637569"",""title_sha256:fdb6f28cec748a55""]",SSR: Spatial Sequential Hybrid Architecture for Latency Throughput Tradeoff in Transformer Acceleration,ssr spatial sequential hybrid architecture for latency throughput tradeoff in transformer acceleration,Jinming Zhuang; Zhuoping Yang; Shixin Ji; Heng Huang; Alex K. Jones; Jingtong Hu; Yiyu Shi; Peipei Zhou,2024,10.1145/3626202.3637569,2401.10417
WORK-925B1E9E93E8CEA5,REC-8C100552CB5EC8D8,peer-reviewed manifestation; latest version breaks ties,1,"[""REC-8C100552CB5EC8D8""]","[""arxiv:2401.11851"",""doi:10.1109/iscas58744.2024.10558636"",""title_sha256:8ada09549fd6fb3a""]",BETA: Binarized Energy-Efficient Transformer Accelerator at the Edge,beta binarized energy efficient transformer accelerator at the edge,Yuhao Ji; Chao Fang; Zhongfeng Wang,2024,10.1109/iscas58744.2024.10558636,2401.11851
WORK-FF56FF204D587668,REC-F95950AEA19221D0,peer-reviewed manifestation; latest version breaks ties,1,"[""REC-F95950AEA19221D0""]","[""arxiv:2402.01047"",""title_sha256:7e5d09685b1e2a52""]",Ultra Fast Transformers on FPGAs for Particle Physics Experiments,ultra fast transformers on fpgas for particle physics experiments,Zhixing Jiang; Dennis Yin; Elham E Khoda; Vladimir Loncar; Ekaterina Govorkova; Eric Moreno; Philip Harris; Scott Hauck; Shih-Chieh Hsu,2024,,2402.01047
WORK-EBB5303DC48E2539,REC-8D280CE74606BAF2,peer-reviewed manifestation; latest version breaks ties,1,"[""REC-8D280CE74606BAF2""]","[""arxiv:2402.09109"",""doi:10.1109/aicas59952.2024.10595893"",""title_sha256:57886361b825c41f""]",Stochastic Spiking Attention: Accelerating Attention with Stochastic Computing in Spiking Networks,stochastic spiking attention accelerating attention with stochastic computing in spiking networks,Zihang Song; Prabodh Katti; Osvaldo Simeone; Bipin Rajendran,2024,10.1109/aicas59952.2024.10595893,2402.09109
WORK-3FBBD67FEE61574E,REC-E7AE600E045763D8,latest non-withdrawn preprint,1,"[""REC-E7AE600E045763D8""]","[""arxiv:2402.09709"",""title_sha256:a33858788c087cd2""]",ME-ViT: A Single-Load Memory-Efficient FPGA Accelerator for Vision Transformers,me vit a single load memory efficient fpga accelerator for vision transformers,Kyle Marino; Pengmiao Zhang; Viktor Prasanna,2024,,2402.09709
WORK-D199528F945B1582,REC-E1548173957F8389,latest non-withdrawn preprint,1,"[""REC-E1548173957F8389""]","[""arxiv:2402.14307"",""title_sha256:2fed52a2f7038c56""]",An FPGA-Based Accelerator Enabling Efficient Support for CNNs with Arbitrary Kernel Sizes,an fpga based accelerator enabling efficient support for cnns with arbitrary kernel sizes,Miaoxin Wang; Xiao Wu; Jun Lin; Zhongfeng Wang,2024,,2402.14307
WORK-DB4EB90004DA1A28,REC-89DB69AA1112A17A,latest non-withdrawn preprint,1,"[""REC-89DB69AA1112A17A""]","[""arxiv:2403.01215"",""title_sha256:56e5f63206dfb954""]",Efficient Algorithm Level Error Detection for Number-Theoretic Transform used for Kyber Assessed on FPGAs and ARM,efficient algorithm level error detection for number theoretic transform used for kyber assessed on fpgas and arm,Kasra Ahmadi; Saeed Aghapour; Mehran Mozaffari Kermani; Reza Azarderakhsh,2024,,2403.01215
WORK-EAD196538EAD217A,REC-501B131BCCDB0BBF,latest non-withdrawn preprint,1,"[""REC-501B131BCCDB0BBF""]","[""arxiv:2403.10686"",""title_sha256:ee445f3062e67f72""]",AutoHLS: Learning to Accelerate Design Space Exploration for HLS Designs,autohls learning to accelerate design space exploration for hls designs,Md Rubel Ahmed; Toshiaki Koike-Akino; Kieran Parsons; Ye Wang,2024,,2403.10686
WORK-D29C7D406D84ED7B,REC-8315B7014468B835,latest non-withdrawn preprint,1,"[""REC-8315B7014468B835""]","[""arxiv:2403.14047"",""title_sha256:ef6aa6046e784d32""]",Accelerating ViT Inference on FPGA through Static and Dynamic Pruning,accelerating vit inference on fpga through static and dynamic pruning,Dhruv Parikh; Shouyi Li; Bingyi Zhang; Rajgopal Kannan; Carl Busart; Viktor Prasanna,2024,,2403.14047
WORK-B29B269F41E6E9D8,REC-C011C30026F65B8A,latest non-withdrawn preprint,1,"[""REC-C011C30026F65B8A""]","[""arxiv:2403.20230"",""title_sha256:3d95b0e2dbbe7fe9""]",An FPGA-Based Reconfigurable Accelerator for Convolution-Transformer Hybrid EfficientViT,an fpga based reconfigurable accelerator for convolution transformer hybrid efficientvit,Haikuo Shao; Huihong Shi; Wendong Mao; Zhongfeng Wang,2024,,2403.20230
WORK-EEC00CC9B71ED381,REC-2A1E7F2B5FE644D9,latest non-withdrawn preprint,1,"[""REC-2A1E7F2B5FE644D9""]","[""arxiv:2404.04527"",""title_sha256:00dc00c61763af66""]",VTR: An Optimized Vision Transformer for SAR ATR Acceleration on FPGA,vtr an optimized vision transformer for sar atr acceleration on fpga,Sachini Wickramasinghe; Dhruv Parikh; Bingyi Zhang; Rajgopal Kannan; Viktor Prasanna; Carl Busart,2024,,2404.04527
WORK-76F4A5C5EB66904E,REC-EC01639CBEC45A37,peer-reviewed manifestation; latest version breaks ties,1,"[""REC-EC01639CBEC45A37""]","[""arxiv:2404.07235"",""doi:10.1109/lad62341.2024.10691721"",""title_sha256:32502e06a6006143""]",LLM-aided explanations of EDA synthesis errors,llm aided explanations of eda synthesis errors,Siyu Qiu; Benjamin Tan; Hammond Pearce,2024,10.1109/lad62341.2024.10691721,2404.07235
WORK-4627BBCBFE1BA7BB,REC-50F6BA42D72FB565,latest non-withdrawn preprint,1,"[""REC-50F6BA42D72FB565""]","[""arxiv:2404.10896"",""title_sha256:852f8a462903f9ce""]","From a Lossless (~1.5:1) Compression Algorithm for Llama2 7B Weights to Variable Precision, Variable Range, Compressed Numeric Data Types for CNNs and LLMs",from a lossless 1 5 1 compression algorithm for llama2 7b weights to variable precision variable range compressed numeric data types for cnns and llms,Vincenzo Liguori,2024,,2404.10896
WORK-DEBFBC79713631D6,REC-40DE72B605CF02EB,peer-reviewed manifestation; latest version breaks ties,1,"[""REC-40DE72B605CF02EB""]","[""arxiv:2404.15185"",""doi:10.1145/3649329.3655679"",""title_sha256:e19db225591ef801""]",PIVOT- Input-aware Path Selection for Energy-efficient ViT Inference,pivot input aware path selection for energy efficient vit inference,Abhishek Moitra; Abhiroop Bhattacharjee; Priyadarshini Panda,2024,10.1145/3649329.3655679,2404.15185
WORK-07267F46FB72A6F4,REC-8CA067D69DCD7740,latest non-withdrawn preprint,1,"[""REC-8CA067D69DCD7740""]","[""arxiv:2404.16158"",""title_sha256:935619ca806b703c""]",The Feasibility of Implementing Large-Scale Transformers on Multi-FPGA Platforms,the feasibility of implementing large scale transformers on multi fpga platforms,Yu Gao; Juan Camilo Vega; Paul Chow,2024,,2404.16158
WORK-586F8BE993539508,REC-A8FC56A3513C926D,latest non-withdrawn preprint,1,"[""REC-A8FC56A3513C926D""]","[""arxiv:2405.00738"",""title_sha256:6da8ad1679044711""]",HLSTransform: Energy-Efficient Llama 2 Inference on FPGAs Via High Level Synthesis,hlstransform energy efficient llama 2 inference on fpgas via high level synthesis,Andy He; Darren Key; Mason Bulling; Andrew Chang; Skyler Shapiro; Everett Lee,2024,,2405.00738
WORK-340988B7272F355C,REC-EE5E845B0F2772CA,peer-reviewed manifestation; latest version breaks ties,1,"[""REC-EE5E845B0F2772CA""]","[""arxiv:2405.01419"",""doi:10.1109/icons62911.2024.00024"",""title_sha256:eaeb0328d0657f3e""]",Natural Language to Verilog: Design of a Recurrent Spiking Neural Network using Large Language Models and ChatGPT,natural language to verilog design of a recurrent spiking neural network using large language models and chatgpt,Paola Vitolo; George Psaltakis; Michael Tomlinson; Gian Domenico Licciardo; Andreas G. Andreou,2024,10.1109/icons62911.2024.00024,2405.01419
WORK-20095DCFBB515DC4,REC-F03EEDBB96B92664,latest non-withdrawn preprint,1,"[""REC-F03EEDBB96B92664""]","[""arxiv:2405.01775"",""title_sha256:c9eb52e81fbfde74""]",Torch2Chip: An End-to-end Customizable Deep Neural Network Compression and Deployment Toolkit for Prototype Hardware Accelerator Design,torch2chip an end to end customizable deep neural network compression and deployment toolkit for prototype hardware accelerator design,Jian Meng; Yuan Liao; Anupreetham Anupreetham; Ahmed Hasssan; Shixing Yu; Han-sok Suh; Xiaofeng Hu; Jae-sun Seo,2024,,2405.01775
WORK-EEBD5BB2B5030D8A,REC-CB909EA926A5AC72,latest non-withdrawn preprint,1,"[""REC-CB909EA926A5AC72""]","[""arxiv:2405.11353"",""title_sha256:c938f00796ac03a2""]",NTTSuite: Number Theoretic Transform Benchmarks for Accelerating Encrypted Computation,nttsuite number theoretic transform benchmarks for accelerating encrypted computation,Juran Ding; Yuanzhe Liu; Lingbin Sun; Brandon Reagen,2024,,2405.11353
WORK-A823F85577A14D7F,REC-DC3D7EFD2F28A99F,peer-reviewed manifestation; latest version breaks ties,1,"[""REC-DC3D7EFD2F28A99F""]","[""arxiv:2405.15923"",""doi:10.1109/tcsi.2025.3526585"",""title_sha256:e7ebe1067ce08f45""]",Spiketrum: An FPGA-based Implementation of a Neuromorphic Cochlea,spiketrum an fpga based implementation of a neuromorphic cochlea,MHD Anas Alsakkal; Jayawan Wijekoon,2024,10.1109/tcsi.2025.3526585,2405.15923
WORK-AFCF36F1CB0AA7CD,REC-F65FD886EFF07883,latest non-withdrawn preprint,1,"[""REC-F65FD886EFF07883""]","[""arxiv:2405.17025"",""title_sha256:19e945113bd65543""]",SWAT: Scalable and Efficient Window Attention-based Transformers Acceleration on FPGAs,swat scalable and efficient window attention based transformers acceleration on fpgas,Zhenyu Bai; Pranav Dangi; Huize Li; Tulika Mitra,2024,,2405.17025
WORK-BCAC51FD8CA6A5B2,REC-76DBC4C4BEB42ABB,latest non-withdrawn preprint,1,"[""REC-76DBC4C4BEB42ABB""]","[""arxiv:2405.19948"",""title_sha256:26c02fb398d79d8b""]",Scalable Test Generation to Trigger Rare Targets in High-Level Synthesizable IPs for Cloud FPGAs,scalable test generation to trigger rare targets in high level synthesizable ips for cloud fpgas,Mukta Debnath; Animesh Basak Chowdhury; Debasri Saha; Susmita Sur-Kolay,2024,,2405.19948
WORK-957AE18C470B37D1,REC-B98F65C951D2121A,peer-reviewed manifestation; latest version breaks ties,1,"[""REC-B98F65C951D2121A""]","[""arxiv:2406.12385"",""doi:10.14778/3749646.3749655"",""title_sha256:fdc9b19dbc389d77""]",Fast Graph Vector Search via Hardware Acceleration and Delayed-Synchronization Traversal,fast graph vector search via hardware acceleration and delayed synchronization traversal,Wenqi Jiang; Hang Hu; Torsten Hoefler; Gustavo Alonso,2024,10.14778/3749646.3749655,2406.12385
WORK-93D0810BFBBF88FE,REC-A53433EACA5A3E39,latest non-withdrawn preprint,1,"[""REC-A53433EACA5A3E39""]","[""arxiv:2406.14593"",""title_sha256:390648b0b9d62306""]",Enhancing Dropout-based Bayesian Neural Networks with Multi-Exit on FPGA,enhancing dropout based bayesian neural networks with multi exit on fpga,Hao Mark Chen; Liam Castelli; Martin Ferianc; Hongyu Zhou; Shuanglong Liu; Wayne Luk; Hongxiang Fan,2024,,2406.14593
WORK-7FCCD0EEA2C805D1,REC-29297747619229E3,latest non-withdrawn preprint,1,"[""REC-29297747619229E3""]","[""arxiv:2406.14854"",""title_sha256:7eb48ceb1646aa73""]",PEANO-ViT: Power-Efficient Approximations of Non-Linearities in Vision Transformers,peano vit power efficient approximations of non linearities in vision transformers,Mohammad Erfan Sadeghi; Arash Fayyazi; Seyedarmin Azizi; Massoud Pedram,2024,,2406.14854
WORK-B3F56AF3B0A65385,REC-CB40F46E4458382D,peer-reviewed manifestation; latest version breaks ties,1,"[""REC-CB40F46E4458382D""]","[""arxiv:2406.17995"",""doi:10.1145/3767295.3803584"",""title_sha256:213a186e952698e2""]",Managing Classical Processing Requirements for Quantum Error Correction,managing classical processing requirements for quantum error correction,Satvik Maurya; Abtin Molavi; Aws Albarghouthi; Swamit Tannu,2024,10.1145/3767295.3803584,2406.17995
WORK-16239B4D93E0EEE1,REC-0A53F8CDE071DFAB,latest non-withdrawn preprint,1,"[""REC-0A53F8CDE071DFAB""]","[""arxiv:2407.01011"",""title_sha256:602cc976779aa4f7""]",Parallel Computing Architectures for Robotic Applications: A Comprehensive Review,parallel computing architectures for robotic applications a comprehensive review,Md Rafid Islam,2024,,2407.01011
WORK-9E47F2761A534CB2,REC-CE605F5FE8275050,latest non-withdrawn preprint,1,"[""REC-CE605F5FE8275050""]","[""arxiv:2407.01549"",""title_sha256:7f10399e12bb3cad""]",FFT and Linear Convolution Implementation with Bit Slicing Multiplier: A Novel Approach,fft and linear convolution implementation with bit slicing multiplier a novel approach,Aravind Kumar N; Hari Krishna S; Anita Angeline A,2024,,2407.01549
WORK-28A5F262F9D93710,REC-2E8C2D5C8564F14C,latest non-withdrawn preprint,1,"[""REC-2E8C2D5C8564F14C""]","[""arxiv:2407.02913"",""title_sha256:d0ef7e2edcf13b28""]",SFC: Achieve Accurate Fast Convolution under Low-precision Arithmetic,sfc achieve accurate fast convolution under low precision arithmetic,Liulu He; Yufei Zhao; Rui Gao; Yuan Du; Li Du,2024,,2407.02913
WORK-02E3CB04168BDD85,REC-52DB9C1A84C344D5,latest non-withdrawn preprint,1,"[""REC-52DB9C1A84C344D5""]","[""arxiv:2407.05521"",""title_sha256:f89b2ea4e26c08c2""]",Accelerating MRI Uncertainty Estimation with Mask-based Bayesian Neural Network,accelerating mri uncertainty estimation with mask based bayesian neural network,Zehuan Zhang; Matej Genci; Hongxiang Fan; Andreas Wetscherek; Wayne Luk,2024,,2407.05521
WORK-3B8C5897C48327F6,REC-6C5ABE261E433D60,peer-reviewed manifestation; latest version breaks ties,1,"[""REC-6C5ABE261E433D60""]","[""arxiv:2407.11041"",""doi:10.1109/aiot63253.2024.00017"",""title_sha256:5b38a198d7d1760d""]",Integer-only Quantized Transformers for Embedded FPGA-based Time-series Forecasting in AIoT,integer only quantized transformers for embedded fpga based time series forecasting in aiot,Tianheng Ling; Chao Qian; Gregor Schiele,2024,10.1109/aiot63253.2024.00017,2407.11041
WORK-13DC055F6B287384,REC-B7DAC6E64AEA32C6,latest non-withdrawn preprint,1,"[""REC-B7DAC6E64AEA32C6""]","[""arxiv:2407.12736"",""title_sha256:81651d601c4a075b""]",CHOSEN: Compilation to Hardware Optimization Stack for Efficient Vision Transformer Inference,chosen compilation to hardware optimization stack for efficient vision transformer inference,Mohammad Erfan Sadeghi; Arash Fayyazi; Suhas Somashekar; Armin Abdollahi; Massoud Pedram,2024,,2407.12736
WORK-BED06F498C6E0F22,REC-179585D01665ABA3,latest non-withdrawn preprint,1,"[""REC-179585D01665ABA3""]","[""arxiv:2407.17879"",""title_sha256:f771317e3edbfb51""]",HG-PIPE: Vision Transformer Acceleration with Hybrid-Grained Pipeline,hg pipe vision transformer acceleration with hybrid grained pipeline,Qingyu Guo; Jiayong Wan; Songqiang Xu; Meng Li; Yuan Wang,2024,,2407.17879
WORK-B71A12BC8DBBFD57,REC-4810175E48EBE449,latest non-withdrawn preprint,1,"[""REC-4810175E48EBE449""]","[""arxiv:2407.18175"",""title_sha256:73d8a1758da5f417""]",Quasar-ViT: Hardware-Oriented Quantization-Aware Architecture Search for Vision Transformers,quasar vit hardware oriented quantization aware architecture search for vision transformers,Zhengang Li; Alec Lu; Yanyue Xie; Zhenglun Kong; Mengshu Sun; Hao Tang; Zhong Jia Xue; Peiyan Dong; Caiwen Ding; Yanzhi Wang; Xue Lin; Zhenman Fang,2024,,2407.18175
WORK-0CC1892518243ABD,REC-09DEF0F386F31DC0,peer-reviewed manifestation; latest version breaks ties,1,"[""REC-09DEF0F386F31DC0""]","[""arxiv:2407.18255"",""title_sha256:2c6d5a169dd936c9""]",Flexible and Cost-Effective Spherical to Cartesian Coordinate Conversion Using 3-D CORDIC Algorithm on FPGA,flexible and cost effective spherical to cartesian coordinate conversion using 3 d cordic algorithm on fpga,Nadia Salem; Sami Serhan; Khawla Al-Tarawneh; Ra'fat Al-Msie'deen,2024,,2407.18255
WORK-5E396BFE815B3DBB,REC-B4C13EE048139933,latest non-withdrawn preprint,1,"[""REC-B4C13EE048139933""]","[""arxiv:2407.21325"",""title_sha256:ac045c6b51482b7e""]",EdgeLLM: A Highly Efficient CPU-FPGA Heterogeneous Edge Accelerator for Large Language Models,edgellm a highly efficient cpu fpga heterogeneous edge accelerator for large language models,Mingqiang Huang; Ao Shen; Kai Li; Haoxiang Peng; Boyu Li; Yupeng Su; Hao Yu,2024,,2407.21325
WORK-04C9E3214FC7C3F0,REC-949433116AB006C6,latest non-withdrawn preprint,1,"[""REC-949433116AB006C6""]","[""arxiv:2408.00462"",""title_sha256:a1b321370e2b30b1""]",Designing Efficient LLM Accelerators for Edge Devices,designing efficient llm accelerators for edge devices,Jude Haris; Rappy Saha; Wenhao Hu; José Cano,2024,,2408.00462
WORK-D4B3A489C62524CA,REC-770179015FF9EE68,latest non-withdrawn preprint,1,"[""REC-770179015FF9EE68""]","[""arxiv:2408.06810"",""title_sha256:826f1edb71b7ef36""]",HLSPilot: LLM-based High-Level Synthesis,hlspilot llm based high level synthesis,Chenwei Xiong; Cheng Liu; Huawei Li; Xiaowei Li,2024,,2408.06810
WORK-BC2DDDB47284E509,REC-CCE11013FD53FD03,peer-reviewed manifestation; latest version breaks ties,1,"[""REC-CCE11013FD53FD03""]","[""arxiv:2408.16495"",""doi:10.1109/percomworkshops56833.2023.10150339"",""title_sha256:488e66ed53fa731b""]",On-device AI: Quantization-aware Training of Transformers in Time-Series,on device ai quantization aware training of transformers in time series,Tianheng Ling; Gregor Schiele,2024,10.1109/percomworkshops56833.2023.10150339,2408.16495
WORK-DCE09D929C018AE2,REC-1E3A0B27361246BF,latest non-withdrawn preprint,1,"[""REC-1E3A0B27361246BF""]","[""arxiv:2409.00661"",""title_sha256:ce2ac0909865a34a""]","Research on LLM Acceleration Using the High-Performance RISC-V Processor ""Xiangshan"" (Nanhu Version) Based on the Open-Source Matrix Instruction Set Extension (Vector Dot Product)",research on llm acceleration using the high performance risc v processor xiangshan nanhu version based on the open source matrix instruction set extension vector dot product,Xu-Hao Chen; Si-Peng Hu; Hong-Chao Liu; Bo-Ran Liu; Dan Tang; Di Zhao,2024,,2409.00661
WORK-34E0764C9E4AD293,REC-78DA1BBA4525C9E1,latest non-withdrawn preprint,1,"[""REC-78DA1BBA4525C9E1""]","[""arxiv:2409.03384"",""title_sha256:dce21c4688aa2da0""]",Hardware Acceleration of LLMs: A comprehensive survey and comparison,hardware acceleration of llms a comprehensive survey and comparison,Nikoletta Koilia; Christoforos Kachris,2024,,2409.03384
WORK-1088AF5881ECBED8,REC-6099EE66504F6EF2,latest non-withdrawn preprint,1,"[""REC-6099EE66504F6EF2""]","[""arxiv:2409.05207"",""title_sha256:c893f606c80cd423""]",Low Latency Transformer Inference on FPGAs for Physics Applications with hls4ml,low latency transformer inference on fpgas for physics applications with hls4ml,Zhixing Jiang; Dennis Yin; Yihui Chen; Elham E Khoda; Scott Hauck; Shih-Chieh Hsu; Ekaterina Govorkova; Philip Harris; Vladimir Loncar; Eric A. Moreno,2024,,2409.05207
WORK-EEBD41A0C917C476,REC-2861404557D1782A,latest non-withdrawn preprint,1,"[""REC-2861404557D1782A""]","[""arxiv:2409.09689"",""title_sha256:52701ef96fd48294""]",CAT: Customized Transformer Accelerator Framework on Versal ACAP,cat customized transformer accelerator framework on versal acap,Wenbo Zhang; Yiqi Liu; Zhenshan Bao,2024,,2409.09689
WORK-617566A76A0E7098,REC-D80BA185FF6CE5BD,latest non-withdrawn preprint,1,"[""REC-D80BA185FF6CE5BD""]","[""arxiv:2409.11424"",""title_sha256:0b7ff09a623bc630""]",LlamaF: An Efficient Llama2 Architecture Accelerator on Embedded FPGAs,llamaf an efficient llama2 architecture accelerator on embedded fpgas,Han Xu; Yutong Li; Shihao Ji,2024,,2409.11424
WORK-2C89087AD30358EE,REC-00876C5760C7308E,latest non-withdrawn preprint,1,"[""REC-00876C5760C7308E""]","[""arxiv:2409.13975"",""title_sha256:aea92dd74d69923d""]",ProTEA: Programmable Transformer Encoder Acceleration on FPGA,protea programmable transformer encoder acceleration on fpga,Ehsan Kabir; Jason D. Bakos; David Andrews; Miaoqing Huang,2024,,2409.13975
WORK-81D018F95FDAAD3B,REC-4D7BFF9A0A171A01,peer-reviewed manifestation; latest version breaks ties,1,"[""REC-4D7BFF9A0A171A01""]","[""arxiv:2409.14023"",""doi:10.1109/icfpt64416.2024.11113430"",""title_sha256:42a6b23cf93509f0""]",FAMOUS: Flexible Accelerator for the Attention Mechanism of Transformer on UltraScale+ FPGAs,famous flexible accelerator for the attention mechanism of transformer on ultrascale fpgas,Ehsan Kabir; Md. Arafat Kabir; Austin R. J. Downey; Jason D. Bakos; David Andrews; Miaoqing Huang,2024,10.1109/icfpt64416.2024.11113430,2409.14023
WORK-6C6395218D8B95A4,REC-3219982CADC13B0C,latest non-withdrawn preprint,1,"[""REC-3219982CADC13B0C""]","[""arxiv:2409.14912"",""title_sha256:96879934f28b4193""]",Efficient Tabular Data Preprocessing of ML Pipelines,efficient tabular data preprocessing of ml pipelines,Yu Zhu; Wenqi Jiang; Gustavo Alonso,2024,,2409.14912
WORK-49843E6B36F898D3,REC-32CC94372EE77D83,peer-reviewed manifestation; latest version breaks ties,1,"[""REC-32CC94372EE77D83""]","[""arxiv:2410.03294"",""doi:10.1007/978-3-032-10554-7_20"",""title_sha256:48a7ae4c18bd5446""]",Resource-aware Mixed-precision Quantization for Enhancing Deployability of Transformers for Time-series Forecasting on Embedded FPGAs,resource aware mixed precision quantization for enhancing deployability of transformers for time series forecasting on embedded fpgas,Tianheng Ling; Chao Qian; Gregor Schiele,2024,10.1007/978-3-032-10554-7_20,2410.03294
WORK-9FF656BD3283AD20,REC-9C66DFA2ACB829E8,latest non-withdrawn preprint,1,"[""REC-9C66DFA2ACB829E8""]","[""arxiv:2410.04466"",""title_sha256:e3b926d14cbc7b2e""]",Large Language Model Inference Acceleration: A Comprehensive Hardware Perspective,large language model inference acceleration a comprehensive hardware perspective,Jinhao Li; Jiaming Xu; Shan Huang; Yonghua Chen; Wen Li; Jun Liu; Yaoxiu Lian; Jiayi Pan; Li Ding; Hao Zhou; Yu Wang; Guohao Dai,2024,,2410.04466
WORK-80E2F738232FBD17,REC-90F9BA0E8090E56C,latest non-withdrawn preprint,1,"[""REC-90F9BA0E8090E56C""]","[""arxiv:2410.04805"",""title_sha256:91f524225e9f5a0f""]",HF-NTT: Hazard-Free Dataflow Accelerator for Number Theoretic Transform,hf ntt hazard free dataflow accelerator for number theoretic transform,Xiangchen Meng; Zijun Jiang; Yangdi Lyu,2024,,2410.04805
WORK-4B5392ACD395831A,REC-EF524C7130F26BAD,latest non-withdrawn preprint,1,"[""REC-EF524C7130F26BAD""]","[""arxiv:2410.05686"",""title_sha256:e3bc94b6665d2fe5""]",Deep Learning and Machine Learning with GPGPU and CUDA: Unlocking the Power of Parallel Computing,deep learning and machine learning with gpgpu and cuda unlocking the power of parallel computing,Ming Li; Ziqian Bi; Tianyang Wang; Yizhu Wen; Qian Niu; Xinyuan Song; Zekun Jiang; Junyu Liu; Benji Peng; Sen Zhang; Xuanhe Pan; Jiawei Xu; Jinlang Wang; Keyu Chen; Caitlyn Heqi Yin; Pohsun Feng; Ming Liu,2024,,2410.05686
WORK-9311EA0539A12637,REC-62D71FDC9956799A,peer-reviewed manifestation; latest version breaks ties,1,"[""REC-62D71FDC9956799A""]","[""arxiv:2410.09227"",""doi:10.1007/s11042-024-18159-2"",""title_sha256:b4839e998fe019d0""]",Fast Data-independent KLT Approximations Based on Integer Functions,fast data independent klt approximations based on integer functions,A. P. Radünz; D. F. G. Coelho; F. M. Bayer; R. J. Cintra; A. Madanayake,2024,10.1007/s11042-024-18159-2,2410.09227
WORK-B25288B0C34E5D63,REC-DD28132BF04122F9,latest non-withdrawn preprint,1,"[""REC-DD28132BF04122F9""]","[""arxiv:2410.10714"",""title_sha256:5b524df175bc9b4c""]",SeedLM: Compressing LLM Weights into Seeds of Pseudo-Random Generators,seedlm compressing llm weights into seeds of pseudo random generators,Rasoul Shafipour; David Harrison; Maxwell Horton; Jeffrey Marker; Houman Bedayat; Sachin Mehta; Mohammad Rastegari; Mahyar Najibi; Saman Naderiparizi,2024,,2410.10714
WORK-A55C651F3AD0F7D8,REC-053F8CE5FE90B1D2,peer-reviewed manifestation; latest version breaks ties,1,"[""REC-053F8CE5FE90B1D2""]","[""arxiv:2410.13079"",""doi:10.1145/3676536.3676649"",""title_sha256:cb7e0dbdb9fdccbb""]",RapidStream IR: Infrastructure for FPGA High-Level Physical Synthesis,rapidstream ir infrastructure for fpga high level physical synthesis,Jason Lau; Yuanlong Xiao; Yutong Xie; Yuze Chi; Linghao Song; Shaojie Xiang; Michael Lo; Zhiru Zhang; Jason Cong; Licheng Guo,2024,10.1145/3676536.3676649,2410.13079
WORK-471FF9FFFF66EBEF,REC-D17ED0BF4F48BE11,peer-reviewed manifestation; latest version breaks ties,1,"[""REC-D17ED0BF4F48BE11""]","[""arxiv:2410.15008"",""doi:10.1145/3620666.3651324"",""title_sha256:4265d6afe2e0409c""]",IANUS: Integrated Accelerator based on NPU-PIM Unified Memory System,ianus integrated accelerator based on npu pim unified memory system,Minseok Seo; Xuan Truong Nguyen; Seok Joong Hwang; Yongkee Kwon; Guhyun Kim; Chanwook Park; Ilkon Kim; Jaehan Park; Jeongbin Kim; Woojae Shin; Jongsoon Won; Haerang Choi; Kyuyoung Kim; Daehan Kwon; Chunseok Jeong; Sangheon Lee; Yongseok Choi; Wooseok Byun; Seungcheol Baek; Hyuk-Jae Lee; John Kim,2024,10.1145/3620666.3651324,2410.15008
WORK-14283B78961A8BD0,REC-C048DE10B21EE1B8,latest non-withdrawn preprint,1,"[""REC-C048DE10B21EE1B8""]","[""arxiv:2410.23083"",""title_sha256:4fd49f154b99cbeb""]",Developing a Self-Explanatory Transformer,developing a self explanatory transformer,Rasha Karakchi; Ryan Karbowniczak,2024,,2410.23083
WORK-BB05D1FE7F29FD30,REC-36C4AAA4FD4ACA93,latest non-withdrawn preprint,1,"[""REC-36C4AAA4FD4ACA93""]","[""arxiv:2411.03697"",""title_sha256:018798a2e435a0b8""]",TATAA: Programmable Mixed-Precision Transformer Acceleration with a Transformable Arithmetic Architecture,tataa programmable mixed precision transformer acceleration with a transformable arithmetic architecture,Jiajun Wu; Mo Song; Jingmin Zhao; Yizhao Gao; Jia Li; Hayden Kwok-Hay So,2024,,2411.03697
WORK-216914A5D9B159E3,REC-C89D508C9645DB7B,latest non-withdrawn preprint,1,"[""REC-C89D508C9645DB7B""]","[""arxiv:2411.10948"",""title_sha256:bfdeb5901c73c442""]",Towards Accurate and Efficient Sub-8-Bit Integer Training,towards accurate and efficient sub 8 bit integer training,Wenjin Guo; Donglai Liu; Weiying Xie; Yunsong Li; Xuefei Ning; Zihan Meng; Shulin Zeng; Jie Lei; Zhenman Fang; Yu Wang,2024,,2411.10948
WORK-0673CDF1421E1159,REC-78E9518BF6FC6EBF,peer-reviewed manifestation; latest version breaks ties,1,"[""REC-78E9518BF6FC6EBF""]","[""arxiv:2411.11384"",""doi:10.1145/3705324"",""title_sha256:125088f880b489c3""]",SILVIA: Automated Superword-Level Parallelism Exploitation via HLS-Specific LLVM Passes for Compute-Intensive FPGA Accelerators,silvia automated superword level parallelism exploitation via hls specific llvm passes for compute intensive fpga accelerators,Giovanni Brignone; Roberto Bosio; Fabrizio Ottati; Claudio Sansoè; Luciano Lavagno,2024,10.1145/3705324,2411.11384
WORK-9A3F28DCB535C9EA,REC-AD576C077EF03A16,peer-reviewed manifestation; latest version breaks ties,1,"[""REC-AD576C077EF03A16""]","[""arxiv:2411.18148"",""doi:10.1016/j.micpro.2025.105223"",""title_sha256:c8f4d40084cade97""]",A Runtime-Adaptive Transformer Neural Network Accelerator on FPGAs,a runtime adaptive transformer neural network accelerator on fpgas,Ehsan Kabir; Jason D. Bakos; David Andrews; Miaoqing Huang,2024,10.1016/j.micpro.2025.105223,2411.18148
WORK-78349001A79A275F,REC-57B890A5DC77C4AA,latest non-withdrawn preprint,1,"[""REC-57B890A5DC77C4AA""]","[""arxiv:2411.18330"",""title_sha256:0593b092d489d273""]",QUADOL: A Quality-Driven Approximate Logic Synthesis Method Exploiting Dual-Output LUTs for Modern FPGAs,quadol a quality driven approximate logic synthesis method exploiting dual output luts for modern fpgas,Jian Shi; Xuan Wang; Chang Meng; Weikang Qian,2024,,2411.18330
WORK-9EB01DDF67D140A4,REC-361ADBB8874502B6,latest non-withdrawn preprint,1,"[""REC-361ADBB8874502B6""]","[""arxiv:2412.17571"",""title_sha256:43e614223b889086""]",HPCNeuroNet: A Neuromorphic Approach Merging SNN Temporal Dynamics with Transformer Attention for FPGA-based Particle Physics,hpcneuronet a neuromorphic approach merging snn temporal dynamics with transformer attention for fpga based particle physics,Murat Isik; Hiruna Vishwamith; Jonathan Naoukin; I. Can Dikmen,2024,,2412.17571
WORK-150F543E36D36727,REC-D7B209C7FF8D65B2,latest non-withdrawn preprint,1,"[""REC-D7B209C7FF8D65B2""]","[""arxiv:2412.19171"",""title_sha256:77384fe9fc134b94""]",High-Accuracy Schottky Diagnostics for Low-SNR Betatron Tune Measurement in Ramping Synchrotrons,high accuracy schottky diagnostics for low snr betatron tune measurement in ramping synchrotrons,Peihan Sun; Manzhou Zhang; Renxian Yuan; Deming Li; Jian Dong; Ying Shi,2024,,2412.19171
WORK-5EB0A88480FEE487,REC-170585CD873D413E,latest non-withdrawn preprint,1,"[""REC-170585CD873D413E""]","[""arxiv:2501.01259"",""title_sha256:8aaf8f621834e12f""]",Adaptive Hybrid FFT: A Novel Pipeline and Memory-Based Architecture for Radix-$2^k$ FFT in Large Size Processing,adaptive hybrid fft a novel pipeline and memory based architecture for radix 2 k fft in large size processing,Fangyu Zhao; Chunhua Xiao; Zhiguo Wang; Xiaohua Du; Bo Dong,2025,,2501.01259
WORK-FB787E5DAF7E9A79,REC-8D6ACCD4E099C008,peer-reviewed manifestation; latest version breaks ties,1,"[""REC-8D6ACCD4E099C008""]","[""arxiv:2501.01511"",""doi:10.1145/3706628.3708877"",""title_sha256:dd5dbe0498228b6f""]",TreeLUT: An Efficient Alternative to Deep Neural Networks for Inference Acceleration Using Gradient Boosted Decision Trees,treelut an efficient alternative to deep neural networks for inference acceleration using gradient boosted decision trees,Alireza Khataei; Kia Bazargan,2025,10.1145/3706628.3708877,2501.01511
WORK-DF0318D2EDCFD441,REC-AC7A77515D490E82,latest non-withdrawn preprint,1,"[""REC-AC7A77515D490E82""]","[""arxiv:2501.04845"",""title_sha256:928662b744e8469b""]",Intelligent experiments through real-time AI: Fast Data Processing and Autonomous Detector Control for sPHENIX and future EIC detectors,intelligent experiments through real time ai fast data processing and autonomous detector control for sphenix and future eic detectors,J. Kvapil; G. Borca-Tasciuc; H. Bossi; K. Chen; Y. Chen; Y. Corrales Morales; H. Da Costa; C. Da Silva; C. Dean; J. Durham; S. Fu; C. Hao; P. Harris; O. Hen; H. Jheng; Y. Lee; P. Li; X. Li; Y. Lin; M. X. Liu; V. Loncar; J. P. Mitrevski; A. Olvera; M. L. Purschke; J. S. Renck; G. Roland; J. Schambach; Z. Shi; N. Tran; N. Wuerfel; B. Xu; D. Yu; H. Zhang,2025,,2501.04845
WORK-7716359A1AFFF134,REC-04D1F7D833DB856C,latest non-withdrawn preprint,1,"[""REC-04D1F7D833DB856C""]","[""arxiv:2501.06663"",""title_sha256:59475024c60a0673""]",Ultra Memory-Efficient On-FPGA Training of Transformers via Tensor-Compressed Optimization,ultra memory efficient on fpga training of transformers via tensor compressed optimization,Jiayi Tian; Jinming Lu; Hai Li; Xiangwei Wang; Cong Hao; Ian Young; Zheng Zhang,2025,,2501.06663
WORK-E2723B3FAAA77953,REC-01007E919BA67615,latest non-withdrawn preprint,1,"[""REC-01007E919BA67615""]","[""arxiv:2501.06921"",""title_sha256:6b53f2ccfb0d47a5""]",Monolithic 3D FPGAs Utilizing Back-End-of-Line Configuration Memories,monolithic 3d fpgas utilizing back end of line configuration memories,Faaiq Waqar; Jiahao Zhang; Anni Lu; Zifan He; Jason Cong; Shimeng Yu,2025,,2501.06921
WORK-DB47ABDF312E1C33,REC-F9910295847671D0,peer-reviewed manifestation; latest version breaks ties,1,"[""REC-F9910295847671D0""]","[""arxiv:2501.09118"",""doi:10.1145/3706628.3708878"",""title_sha256:0a9ab52f4be742b4""]",Stream-HLS: Towards Automatic Dataflow Acceleration,stream hls towards automatic dataflow acceleration,Suhail Basalama; Jason Cong,2025,10.1145/3706628.3708878,2501.09118
WORK-6CEF5028F277834A,REC-856C24626DD738E5,peer-reviewed manifestation; latest version breaks ties,1,"[""REC-856C24626DD738E5""]","[""arxiv:2501.09242"",""doi:10.1145/3769307"",""title_sha256:379ef7ae3fd6df78""]",Holistic Optimization Framework for FPGA Accelerators,holistic optimization framework for fpga accelerators,Stéphane Pouget; Michael Lo; Louis-Noël Pouchet; Jason Cong,2025,10.1145/3769307,2501.09242
WORK-2D5833E4E8C5815D,REC-1ABE8CB7844BC247,latest non-withdrawn preprint,1,"[""REC-1ABE8CB7844BC247""]","[""arxiv:2501.11867"",""title_sha256:498c2c21d01f3b6e""]",A Fully Pipelined FIFO Based Polynomial Multiplication Hardware Architecture Based On Number Theoretic Transform,a fully pipelined fifo based polynomial multiplication hardware architecture based on number theoretic transform,Moslem Heidarpur; Mitra Mirhassani; Norman Chang,2025,,2501.11867
WORK-64BECC3FEF9D1B24,REC-F511D5DFCA074FB4,latest non-withdrawn preprint,1,"[""REC-F511D5DFCA074FB4""]","[""arxiv:2501.12003"",""title_sha256:1d003000a60fabe0""]","Broadband, Dead-Time-Free Spectrometer Using RFSoC for WISP Dark Matter Searches",broadband dead time free spectrometer using rfsoc for wisp dark matter searches,Hiroki Takeuchi; Junya Suzuki; Shunsuke Adachi; Osamu Tajima,2025,,2501.12003
WORK-851A188056BBF585,REC-5B2530528709F6B9,latest non-withdrawn preprint,1,"[""REC-5B2530528709F6B9""]","[""arxiv:2501.12032"",""title_sha256:f21b3e745527aa2f""]",Accelerating Recommender Model ETL with a Streaming FPGA-GPU Dataflow,accelerating recommender model etl with a streaming fpga gpu dataflow,Yu Zhu; Wenqi Jiang; Piyumi Jasin Pathiranage; Yongjun He; Gustavo Alonso,2025,,2501.12032
WORK-4FE0B6DCA859E174,REC-7CB959417EB26834,latest non-withdrawn preprint,1,"[""REC-7CB959417EB26834""]","[""arxiv:2501.12300"",""title_sha256:463084a1c9a58555""]",LLM-Assisted Knowledge Graph Completion for Curriculum and Domain Modelling in Personalized Higher Education Recommendations,llm assisted knowledge graph completion for curriculum and domain modelling in personalized higher education recommendations,Hasan Abu-Rasheed; Constance Jumbo; Rashed Al Amin; Christian Weber; Veit Wiese; Roman Obermaisser; Madjid Fathi,2025,,2501.12300
WORK-9BF05A93BDD17C66,REC-41EB5F1536296C6C,peer-reviewed manifestation; latest version breaks ties,1,"[""REC-41EB5F1536296C6C""]","[""arxiv:2501.13379"",""doi:10.1109/lascas67804.2026.11457137"",""title_sha256:95539df491ab6a4c""]",A Quantitative Evaluation of Approximate Softmax Functions for Deep Neural Networks,a quantitative evaluation of approximate softmax functions for deep neural networks,Anthony Leiva-Valverde; Fabricio Elizondo-Fernández; Luis G. León-Vega; Cristina Meinhardt; Jorge Castro-Godínez,2025,10.1109/lascas67804.2026.11457137,2501.13379
WORK-63032F7C7DF149CE,REC-2C0E34856A04F65F,latest non-withdrawn preprint,1,"[""REC-2C0E34856A04F65F""]","[""arxiv:2501.14512"",""title_sha256:a0ac0d2ab6d8bd2e""]",Real-world Edge Neural Network Implementations Leak Private Interactions Through Physical Side Channel,real world edge neural network implementations leak private interactions through physical side channel,Zhuoran Liu; Senna van Hoek; Péter Horváth; Dirk Lauret; Xiaoyun Xu; Lejla Batina,2025,,2501.14512
WORK-1A49E51497ADC66F,REC-12C9D1ED9EF711FB,latest non-withdrawn preprint,1,"[""REC-12C9D1ED9EF711FB""]","[""arxiv:2501.19135"",""title_sha256:9357ec0490395e42""]",A Tensor-Train Decomposition based Compression of LLMs on Group Vector Systolic Accelerator,a tensor train decomposition based compression of llms on group vector systolic accelerator,Sixiao Huang; Tintin Wang; Ang Li; Ao Shen; Kai Li; Keyao Jiang; Mingqiang Huang; Hao Yu,2025,,2501.19135
WORK-C87240FC0F2E6EEB,REC-9C5B33458C163E1C,latest non-withdrawn preprint,1,"[""REC-9C5B33458C163E1C""]","[""arxiv:2502.00026"",""title_sha256:6948b2c158cd8650""]",Pushing the Limits of BFP on Narrow Precision LLM Inference,pushing the limits of bfp on narrow precision llm inference,Hui Wang; Yuan Cheng; Xiaomeng Han; Zhengpeng Zhao; Dawei Yang; Zhe Jiang,2025,,2502.00026
WORK-C6067E0D99737E90,REC-E1978C76FDD941FD,latest non-withdrawn preprint,1,"[""REC-E1978C76FDD941FD""]","[""arxiv:2502.02404"",""title_sha256:3fdfc23efeeae6fd""]",FPGA Innovation Research in the Netherlands: Present Landscape and Future Outlook,fpga innovation research in the netherlands present landscape and future outlook,Nikolaos Alachiotis; Sjoerd van den Belt; Steven van der Vlugt; Reinier van der Walle; Mohsen Safari; Bruno Endres Forlin; Tiziano De Matteis; Zaid Al-Ars; Roel Jordans; António J. Sousa de Almeida; Federico Corradi; Christiaan Baaij; Ana-Lucia Varbanescu,2025,,2502.02404
WORK-96541CBE8359181A,REC-37D418A5B0CD24F0,latest non-withdrawn preprint,1,"[""REC-37D418A5B0CD24F0""]","[""arxiv:2502.05602"",""title_sha256:a2d59070d8e3a684""]",UbiMoE: A Ubiquitous Mixture-of-Experts Vision Transformer Accelerator With Hybrid Computation Pattern on FPGA,ubimoe a ubiquitous mixture of experts vision transformer accelerator with hybrid computation pattern on fpga,Jiale Dong; Wenqi Lou; Zhendong Zheng; Yunji Qin; Lei Gong; Chao Wang; Xuehai Zhou,2025,,2502.05602
WORK-76ACBFCD99E4F225,REC-397AA2E8B322E5B6,peer-reviewed manifestation; latest version breaks ties,1,"[""REC-397AA2E8B322E5B6""]","[""arxiv:2502.05850"",""doi:10.1145/3795794"",""title_sha256:1657b1a3e9dab3dc""]",MetaML-Pro: Cross-Stage Design Flow Automation for Efficient Deep Learning Acceleration,metaml pro cross stage design flow automation for efficient deep learning acceleration,Zhiqiang Que; Jose G. F. Coutinho; Ce Guo; Hongxiang Fan; Wayne Luk,2025,10.1145/3795794,2502.05850
WORK-4D8DFA0A5AEB0E27,REC-7DA72502BFE51076,latest non-withdrawn preprint,1,"[""REC-7DA72502BFE51076""]","[""arxiv:2502.07796"",""title_sha256:13aaf6111347d037""]",Enhancing Olfactory Perception Through Large Language Models: Integrating Sensory Data for Advanced Odor Recognition,enhancing olfactory perception through large language models integrating sensory data for advanced odor recognition,Ravirajan K; Arvind Sundararajan,2025,,2502.07796
WORK-ECEF69A1B2E67BCF,REC-614E448623940710,latest non-withdrawn preprint,1,"[""REC-614E448623940710""]","[""arxiv:2502.10659"",""title_sha256:0851399bfbc3a4af""]",Pushing up to the Limit of Memory Bandwidth and Capacity Utilization for Efficient LLM Decoding on Embedded FPGA,pushing up to the limit of memory bandwidth and capacity utilization for efficient llm decoding on embedded fpga,Jindong Li; Tenglong Li; Guobin Shen; Dongcheng Zhao; Qian Zhang; Yi Zeng,2025,,2502.10659
WORK-A5AD48CEA945F948,REC-BCA6BA5940337BB3,latest non-withdrawn preprint,1,"[""REC-BCA6BA5940337BB3""]","[""arxiv:2502.13705"",""title_sha256:0458339f7b085e36""]",Millimeter-Wave Communication Testbed Using Digital Coding Dynamic Metasurface Antenna: Practical Design and Implementation,millimeter wave communication testbed using digital coding dynamic metasurface antenna practical design and implementation,Abdul Jabbar; Mostafa Elsayed; Jalil Ur-Rehman Kazim; Zhibo Pang; Julien Le Kernec; Muhammad Imran; Hadi Larijani; Masood Ur-Rehman; Qammer Abbasi; Muhammad Usman,2025,,2502.13705
WORK-A1B348125B5B8EE0,REC-561FD75C12B8EF91,latest non-withdrawn preprint,1,"[""REC-561FD75C12B8EF91""]","[""arxiv:2502.15260"",""title_sha256:2ffb8a12aca7e66f""]",LightMamba: Efficient Mamba Acceleration on FPGA with Quantization and Hardware Co-design,lightmamba efficient mamba acceleration on fpga with quantization and hardware co design,Renjie Wei; Songqiang Xu; Linfeng Zhong; Zebin Yang; Qingyu Guo; Yuan Wang; Runsheng Wang; Meng Li,2025,,2502.15260
WORK-E00CB83B7759876D,REC-13722C8F89C40F15,peer-reviewed manifestation; latest version breaks ties,1,"[""REC-13722C8F89C40F15""]","[""arxiv:2502.16141"",""doi:10.1063/5.0303050"",""title_sha256:2c1753c593d59ebf""]",A Hybrid Neural Architecture: Online Attosecond X-ray Characterization,a hybrid neural architecture online attosecond x ray characterization,Jack Hirschman; Benjamin Mencer; Razib Obaid; Amanda Shackelford; Ryan Coffee,2025,10.1063/5.0303050,2502.16141
WORK-5BE94FE918019CC7,REC-9EEECBE6F301F9A2,latest non-withdrawn preprint,1,"[""REC-9EEECBE6F301F9A2""]","[""arxiv:2502.16473"",""title_sha256:9bee5f8cd0974641""]",TerEffic: Highly Efficient Ternary LLM Inference on FPGA,tereffic highly efficient ternary llm inference on fpga,Chenyang Yin; Zhenyu Bai; Pranav Venkatram; Shivam Aggarwal; Zhaoying Li; Tulika Mitra,2025,,2502.16473
WORK-1D29B54F5B295494,REC-688C296AB31CFA2F,latest non-withdrawn preprint,1,"[""REC-688C296AB31CFA2F""]","[""arxiv:2502.16823"",""title_sha256:806bf195dc6f9240""]",A Review of Memory Wall for Neuromorphic Computing,a review of memory wall for neuromorphic computing,Dexter Le; Baran Arig; Murat Isik; I. Can Dikmen; Teoman Karadag,2025,,2502.16823
WORK-A6EAA22E56A14119,REC-507EEB2F277BB4EB,latest non-withdrawn preprint,1,"[""REC-507EEB2F277BB4EB""]","[""arxiv:2503.01138"",""title_sha256:b19c3c923d37559a""]",A Novel Interactive-Guided Differential Testing Approach for FPGA Simulation Debugger Tools,a novel interactive guided differential testing approach for fpga simulation debugger tools,Shikai Guo; Xiaoyu Wang; Xiaochen Li; Zhihao Xu; He Jiang,2025,,2503.01138
WORK-2F3189F97665F2A4,REC-D97610736AA58551,peer-reviewed manifestation; latest version breaks ties,1,"[""REC-D97610736AA58551""]","[""arxiv:2503.02891"",""doi:10.1016/j.neucom.2025.130417"",""title_sha256:669bdaf6af45cd84""]",Vision Transformers on the Edge: A Comprehensive Survey of Model Compression and Acceleration Strategies,vision transformers on the edge a comprehensive survey of model compression and acceleration strategies,Shaibal Saha; Lanyu Xu,2025,10.1016/j.neucom.2025.130417,2503.02891
WORK-ACBBE67E114A3837,REC-4BEC5993271B5F05,latest non-withdrawn preprint,1,"[""REC-4BEC5993271B5F05""]","[""arxiv:2503.03088"",""title_sha256:a98b487e8789f8f8""]",AHCQ-SAM: Toward Accurate and Hardware-Compatible Post-Training Segment Anything Model Quantization,ahcq sam toward accurate and hardware compatible post training segment anything model quantization,Wenlun Zhang; Yunshan Zhong; Weiqi Yan; Shengchuan Zhang; Shimpei Ando; Kentaro Yoshioka,2025,,2503.03088
WORK-9EDD0480557C4F6D,REC-29CEB82FFB7D60B1,latest non-withdrawn preprint,1,"[""REC-29CEB82FFB7D60B1""]","[""arxiv:2503.08823"",""title_sha256:bb6451f43da8486b""]",ResBench: Benchmarking LLM-Generated FPGA Designs with Resource Awareness,resbench benchmarking llm generated fpga designs with resource awareness,Ce Guo; Tong Zhao,2025,,2503.08823
WORK-569E8221840CA718,REC-8038055899F288DD,latest non-withdrawn preprint,1,"[""REC-8038055899F288DD""]","[""arxiv:2503.11663"",""title_sha256:6c41e706929bddda""]",MEADOW: Memory-efficient Dataflow and Data Packing for Low Power Edge LLMs,meadow memory efficient dataflow and data packing for low power edge llms,Abhishek Moitra; Arkapravo Ghosh; Shrey Agarwal; Aporva Amarnath; Karthik Swaminathan; Priyadarshini Panda,2025,,2503.11663
WORK-F05D9D4A331C98ED,REC-E47480B3889FF9C0,latest non-withdrawn preprint,1,"[""REC-E47480B3889FF9C0""]","[""arxiv:2503.11685"",""title_sha256:0a58ff00b089c76e""]",CORDIC Is All You Need,cordic is all you need,Omkar Kokane; Adam Teman; Anushka Jha; Guru Prasath SL; Gopal Raut; Mukul Lokhande; S. V. Jaya Chand; Tanushree Dewangan; Santosh Kumar Vishvakarma,2025,,2503.11685
WORK-467D637F1A5F438C,REC-EA4C0FAA7D7F488C,latest non-withdrawn preprint,1,"[""REC-EA4C0FAA7D7F488C""]","[""arxiv:2503.16731"",""title_sha256:ed06917734c3da72""]",Design and Implementation of an FPGA-Based Hardware Accelerator for Transformer,design and implementation of an fpga based hardware accelerator for transformer,Richie Li; Sicheng Chen,2025,,2503.16731
WORK-C9F3EF12C84E4446,REC-AB2731AA91BB679A,latest non-withdrawn preprint,1,"[""REC-AB2731AA91BB679A""]","[""arxiv:2504.01806"",""title_sha256:fdd6c7dd7f79083b""]",Quattro: Transformer-Accelerated Iterative Linear Quadratic Regulator Framework for Fast Trajectory Optimization,quattro transformer accelerated iterative linear quadratic regulator framework for fast trajectory optimization,Yue Wang; Haoyu Wang; Zhaoxing Li,2025,,2504.01806
WORK-ABA659CF3411B26B,REC-A9B512BD33750559,latest non-withdrawn preprint,1,"[""REC-A9B512BD33750559""]","[""arxiv:2504.09561"",""title_sha256:eed67584e21bf32d""]",LoopLynx: A Scalable Dataflow Architecture for Efficient LLM Inference,looplynx a scalable dataflow architecture for efficient llm inference,Jianing Zheng; Gang Chen,2025,,2504.09561
WORK-61DC4DE62095456B,REC-971FEFE09F7F6727,latest non-withdrawn preprint,1,"[""REC-971FEFE09F7F6727""]","[""arxiv:2504.10411"",""title_sha256:dc683890c576e773""]",FPGA-Optimized Hardware Accelerator for Fast Fourier Transform and Singular Value Decomposition in AI,fpga optimized hardware accelerator for fast fourier transform and singular value decomposition in ai,Hong Ding; Chia Chao Kang; SuYang Xi; Zehang Liu; Xuan Zhang; Yi Ding,2025,,2504.10411
WORK-90955D75450E115F,REC-C3B39CB94F1B4C76,peer-reviewed manifestation; latest version breaks ties,1,"[""REC-C3B39CB94F1B4C76""]","[""arxiv:2504.11124"",""doi:10.1109/icassp49660.2025.10889132"",""title_sha256:142d96c69ad3971e""]",A Unified Hardware Accelerator for Fast Fourier Transform and Number Theoretic Transform,a unified hardware accelerator for fast fourier transform and number theoretic transform,Rishabh Shrivastava; Chaitanya Prasad Ratnala; Durga Manasa Puli; Utsav Banerjee,2025,10.1109/icassp49660.2025.10889132,2504.11124
WORK-433F583F5D6169F5,REC-4A2A4509290BC306,latest non-withdrawn preprint,1,"[""REC-4A2A4509290BC306""]","[""arxiv:2504.14641"",""title_sha256:229d0df07921ea35""]",HLSTester: Efficient Testing of Behavioral Discrepancies with LLMs for High-Level Synthesis,hlstester efficient testing of behavioral discrepancies with llms for high level synthesis,Kangwei Xu; Bing Li; Grace Li Zhang; Ulf Schlichtmann,2025,,2504.14641
WORK-91AE5CC8F766B61B,REC-74DFFEF8FFD0B3C6,latest non-withdrawn preprint,1,"[""REC-74DFFEF8FFD0B3C6""]","[""arxiv:2504.16112"",""title_sha256:4311dfce2198bfcd""]","HPU: High-Bandwidth Processing Unit for Scalable, Cost-effective LLM Inference via GPU Co-processing",hpu high bandwidth processing unit for scalable cost effective llm inference via gpu co processing,Myunghyun Rhee; Joonseop Sim; Taeyoung Ahn; Seungyong Lee; Daegun Yoon; Euiseok Kim; Kyoung Park; Youngpyo Joo; Hoshik Kim,2025,,2504.16112
WORK-EDCEC112A1B67954,REC-0A35BCF12DE7E299,latest non-withdrawn preprint,1,"[""REC-0A35BCF12DE7E299""]","[""arxiv:2504.16266"",""title_sha256:6144851ac2c67fcd""]",TeLLMe: An Energy-Efficient Ternary LLM Accelerator for Prefilling and Decoding on Edge FPGAs,tellme an energy efficient ternary llm accelerator for prefilling and decoding on edge fpgas,Ye Qiao; Zhiheng Chen; Yifan Zhang; Yian Wang; Sitao Huang,2025,,2504.16266
WORK-3E70F9D5F5091C07,REC-7EB569AC45BB6577,latest non-withdrawn preprint,1,"[""REC-7EB569AC45BB6577""]","[""arxiv:2504.16269"",""title_sha256:28aa3af82119b874""]",COBRA: Algorithm-Architecture Co-optimized Binary Transformer Accelerator for Edge Inference,cobra algorithm architecture co optimized binary transformer accelerator for edge inference,Ye Qiao; Zhiheng Chen; Yian Wang; Yifan Zhang; Yunzhe Deng; Sitao Huang,2025,,2504.16269
WORK-C8B396D704EF5C5B,REC-27F112DB592D26A2,latest non-withdrawn preprint,1,"[""REC-27F112DB592D26A2""]","[""arxiv:2504.17376"",""title_sha256:4875ca364a25805d""]",On-Device Qwen2.5: Efficient LLM Inference with Model Compression and Hardware Acceleration,on device qwen2 5 efficient llm inference with model compression and hardware acceleration,Maoyang Xiang; Ramesh Fernando; Bo Wang,2025,,2504.17376
WORK-DB818A275A846AAF,REC-58388E3A8C4C4CC3,peer-reviewed manifestation; latest version breaks ties,1,"[""REC-58388E3A8C4C4CC3""]","[""arxiv:2504.17929"",""doi:10.1109/ijcnn64981.2025.11227243"",""title_sha256:853b4429b53a3538""]",ApproXAI: Energy-Efficient Hardware Acceleration of Explainable AI using Approximate Computing,approxai energy efficient hardware acceleration of explainable ai using approximate computing,Ayesha Siddique; Khurram Khalil; Khaza Anuarul Hoque,2025,10.1109/ijcnn64981.2025.11227243,2504.17929
WORK-41CDD344CD15800B,REC-0084AA0272388588,latest non-withdrawn preprint,1,"[""REC-0084AA0272388588""]","[""arxiv:2504.21187"",""title_sha256:68687a482d2b9d12""]",LIFT: LLM-Based Pragma Insertion for HLS via GNN Supervised Fine-Tuning,lift llm based pragma insertion for hls via gnn supervised fine tuning,Neha Prakriya; Zijian Ding; Yizhou Sun; Jason Cong,2025,,2504.21187
WORK-7C8209B4880448DD,REC-1C8427A2FAEFACE4,latest non-withdrawn preprint,1,"[""REC-1C8427A2FAEFACE4""]","[""arxiv:2505.03745"",""title_sha256:0c03055e0a931e78""]",AccLLM: Accelerating Long-Context LLM Inference Via Algorithm-Hardware Co-Design,accllm accelerating long context llm inference via algorithm hardware co design,Yanbiao Liang; Huihong Shi; Haikuo Shao; Zhongfeng Wang,2025,,2505.03745
WORK-7AABDC9D131906D0,REC-8C8DCF083E462893,peer-reviewed manifestation; latest version breaks ties,1,"[""REC-8C8DCF083E462893""]","[""arxiv:2505.06578"",""doi:10.1109/dspa64310.2025.10977914"",""title_sha256:cade06c761265238""]",Compact and Efficient Neural Networks for Image Recognition Based on Learned 2D Separable Transform,compact and efficient neural networks for image recognition based on learned 2d separable transform,Maxim Vashkevich; Egor Krivalcevich,2025,10.1109/dspa64310.2025.10977914,2505.06578
WORK-B7CE54A4CCB0BACE,REC-EEF9D996052FB8A2,latest non-withdrawn preprint,1,"[""REC-EEF9D996052FB8A2""]","[""arxiv:2505.06847"",""title_sha256:b9c547abffc63524""]",Image processing Application Development on Software Configurable Processor Array,image processing application development on software configurable processor array,Ganesh Prabhu; Steevan Rodrigues; Niranjan Chiplunkar; Niranjan U. C,2025,,2505.06847
WORK-60B1C9D0623A6E5B,REC-CF124426CCD42DE6,latest non-withdrawn preprint,1,"[""REC-CF124426CCD42DE6""]","[""arxiv:2505.08992"",""title_sha256:0d17fde0911bbee3""]",Dataflow & Tiling Strategies in Edge-AI FPGA Accelerators: A Comprehensive Literature Review,dataflow tiling strategies in edge ai fpga accelerators a comprehensive literature review,Richie Li,2025,,2505.08992
WORK-5D5B279866BF5641,REC-C4AB2AB8C1CF67B5,latest non-withdrawn preprint,1,"[""REC-C4AB2AB8C1CF67B5""]","[""arxiv:2505.12771"",""title_sha256:ac6bfc60f364ed4b""]",FireFly-T: High-Throughput Sparsity Exploitation for Spiking Transformer Acceleration with Dual-Engine Overlay Architecture,firefly t high throughput sparsity exploitation for spiking transformer acceleration with dual engine overlay architecture,Tenglong Li; Jindong Li; Guobin Shen; Dongcheng Zhao; Qian Zhang; Yi Zeng,2025,,2505.12771
WORK-7E5BEFE3BBF58F02,REC-504E4904B99F7C5E,latest non-withdrawn preprint,1,"[""REC-504E4904B99F7C5E""]","[""arxiv:2505.16335"",""title_sha256:0453e1ce9cf9ecab""]",FPQVAR: Floating Point Quantization for Visual Autoregressive Model with FPGA Hardware Co-design,fpqvar floating point quantization for visual autoregressive model with fpga hardware co design,Renjie Wei; Songqiang Xu; Qingyu Guo; Meng Li,2025,,2505.16335
WORK-E10D2BD8734A5A86,REC-55C6CBE6658E4D6D,peer-reviewed manifestation; latest version breaks ties,1,"[""REC-55C6CBE6658E4D6D""]","[""arxiv:2505.17662"",""doi:10.1109/isvlsi65124.2025.11130202"",""title_sha256:caf284105c10d48c""]",Automating Versatile Time-Series Analysis with Tiny Transformers on Embedded FPGAs,automating versatile time series analysis with tiny transformers on embedded fpgas,Tianheng Ling; Chao Qian; Lukas Johannes Haßler; Gregor Schiele,2025,10.1109/isvlsi65124.2025.11130202,2505.17662
WORK-543487817DE55ABF,REC-6FA4AA8C0ADE1CF7,latest non-withdrawn preprint,1,"[""REC-6FA4AA8C0ADE1CF7""]","[""arxiv:2505.18975"",""title_sha256:1b63552f9aae4b6c""]",FastMamba: A High-Speed and Efficient Mamba Accelerator on FPGA with Accurate Quantization,fastmamba a high speed and efficient mamba accelerator on fpga with accurate quantization,Aotao Wang; Haikuo Shao; Shaobo Ma; Zhongfeng Wang,2025,,2505.18975
WORK-147A4DB2F932B9D4,REC-6001BF8DB461EEBB,latest non-withdrawn preprint,1,"[""REC-6001BF8DB461EEBB""]","[""arxiv:2505.20250"",""title_sha256:2b51985d65fe36a1""]",Efficient Optimization Accelerator Framework for Multistate Ising Problems,efficient optimization accelerator framework for multistate ising problems,Chirag Garg; Sayeef Salahuddin,2025,,2505.20250
WORK-B70CE0BFC848F2F4,REC-C9B23D5F0BA8A1A3,latest non-withdrawn preprint,1,"[""REC-C9B23D5F0BA8A1A3""]","[""arxiv:2505.22194"",""title_sha256:7c50cca88ca9f489""]",Refining Datapath for Microscaling ViTs,refining datapath for microscaling vits,Can Xiao; Jianyi Cheng; Aaron Zhao,2025,,2505.22194
WORK-6CC82E126E7F7E8D,REC-BA79F5E84B429763,peer-reviewed manifestation; latest version breaks ties,1,"[""REC-BA79F5E84B429763""]","[""arxiv:2506.03938"",""doi:10.1145/3800686"",""title_sha256:145fb110d62a7b29""]",FPGA-Enabled Machine Learning Applications in Earth Observation: A Systematic Review,fpga enabled machine learning applications in earth observation a systematic review,Cédric Léonard; Dirk Stober; Martin Schulz,2025,10.1145/3800686,2506.03938
WORK-1290984A89B382E5,REC-58EA590C04E33E29,peer-reviewed manifestation; latest version breaks ties,1,"[""REC-58EA590C04E33E29""]","[""arxiv:2506.04780"",""doi:10.1109/tim.2025.3575977"",""title_sha256:9e261e128ab89fad""]",A high-sensitivity frequency counter for free-induction-decay signals,a high sensitivity frequency counter for free induction decay signals,Tong Gong; Ming-Rui Shu; Jiang He; Kai Liu; Yi-Ren Li; Xin-Jun Hao; Dong Sheng; Yu-Ming Wang; Yu-Kun Feng,2025,10.1109/tim.2025.3575977,2506.04780
WORK-70C42CB787DC11F4,REC-6304EAE6041C2B77,latest non-withdrawn preprint,1,"[""REC-6304EAE6041C2B77""]","[""arxiv:2506.08496"",""title_sha256:77229dd4415943ee""]",CoQMoE: Co-Designed Quantization and Computation Orchestration for Mixture-of-Experts Vision Transformer on FPGA,coqmoe co designed quantization and computation orchestration for mixture of experts vision transformer on fpga,Jiale Dong; Hao Wu; Zihao Wang; Wenqi Lou; Zhendong Zheng; Lei Gong; Chao Wang; Xuehai Zhou,2025,,2506.08496
WORK-3D07E20C120729BE,REC-BCC3E9EFF1B93E62,peer-reviewed manifestation; latest version breaks ties,1,"[""REC-BCC3E9EFF1B93E62""]","[""arxiv:2506.12971"",""doi:10.1109/vlsi-soc54400.2022.9939621"",""title_sha256:f529519af1c0b1e8""]",Combining Fault Tolerance Techniques and COTS SoC Accelerators for Payload Processing in Space,combining fault tolerance techniques and cots soc accelerators for payload processing in space,Vasileios Leon; Elissaios Alexios Papatheofanous; George Lentaris; Charalampos Bezaitis; Nikolaos Mastorakis; Georgios Bampilis; Dionysios Reisis; Dimitrios Soudris,2025,10.1109/vlsi-soc54400.2022.9939621,2506.12971
WORK-FA38C0965552AE57,REC-69F340FD9A5D9F2E,latest non-withdrawn preprint,1,"[""REC-69F340FD9A5D9F2E""]","[""arxiv:2506.15613"",""title_sha256:79ac307cda9d18b2""]",From Block to Byte: Transforming PCIe SSDs with CXL Memory Protocol and Instruction Annotation,from block to byte transforming pcie ssds with cxl memory protocol and instruction annotation,Miryeong Kwon; Donghyun Gouk; Junhyeok Jang; Jinwoo Baek; Hyunwoo You; Sangyoon Ji; Hongjoo Jung; Junseok Moon; Seungkwan Kang; Seungjun Lee; Myoungsoo Jung,2025,,2506.15613
WORK-11B82327E2BBCBFB,REC-DCFB7010F089D86B,latest non-withdrawn preprint,1,"[""REC-DCFB7010F089D86B""]","[""arxiv:2506.18003"",""title_sha256:7e2f730fba79fe56""]",AMD Versal Implementations of FAM and SSCA Estimators,amd versal implementations of fam and ssca estimators,Carol Jingyi Li; Ruilin Wu; Philip H. W. Leong,2025,,2506.18003
WORK-95A79F278CCE5A25,REC-A9265AD0192938C0,latest non-withdrawn preprint,1,"[""REC-A9265AD0192938C0""]","[""arxiv:2506.20810"",""title_sha256:b413c4167da4e8c1""]",FINN-GL: Generalized Mixed-Precision Extensions for FPGA-Accelerated LSTMs,finn gl generalized mixed precision extensions for fpga accelerated lstms,Shashwat Khandelwal; Jakoba Petri-Koenig; Thomas B. Preußer; Michaela Blott; Shreejith Shanker,2025,,2506.20810
WORK-A9368ACFA4EA0FD6,REC-09794B47FC51DBAE,latest non-withdrawn preprint,1,"[""REC-09794B47FC51DBAE""]","[""arxiv:2507.01035"",""title_sha256:ee0b2234ed4348e6""]",Research on Low-Latency Inference and Training Efficiency Optimization for Graph Neural Network and Large Language Model-Based Recommendation Systems,research on low latency inference and training efficiency optimization for graph neural network and large language model based recommendation systems,Yushang Zhao; Haotian Lyu; Yike Peng; Aijia Sun; Feng Jiang; Xinyue Han,2025,,2507.01035
WORK-0154F48F925C2E65,REC-804DE81A30D8BC62,latest non-withdrawn preprint,1,"[""REC-804DE81A30D8BC62""]","[""arxiv:2507.03308"",""title_sha256:baf1f8d1f8327030""]",Hummingbird: A Smaller and Faster Large Language Model Accelerator on Embedded FPGA,hummingbird a smaller and faster large language model accelerator on embedded fpga,Jindong Li; Tenglong Li; Ruiqi Chen; Guobin Shen; Dongcheng Zhao; Qian Zhang; Yi Zeng,2025,,2507.03308
WORK-0865C46561B46F1F,REC-DE3DA0389AC93D33,latest non-withdrawn preprint,1,"[""REC-DE3DA0389AC93D33""]","[""arxiv:2507.04315"",""title_sha256:8fa5330fdf08df65""]",HLStrans: Dataset for C-to-HLS Hardware Code Synthesis,hlstrans dataset for c to hls hardware code synthesis,Qingyun Zou; Nuo Chen; Yao Chen; Bingsheng He; WengFei Wong,2025,,2507.04315
WORK-D7D399B194F3B590,REC-43EBA3F96335295D,latest non-withdrawn preprint,1,"[""REC-43EBA3F96335295D""]","[""arxiv:2507.10912"",""title_sha256:7bdd0e187b8e70ec""]",Mapping Fusion: Improving FPGA Technology Mapping with ASIC Mapper,mapping fusion improving fpga technology mapping with asic mapper,Cunxi Yu,2025,,2507.10912
WORK-6391DDFC7C781C3D,REC-D4D0D4D6341705BB,latest non-withdrawn preprint,1,"[""REC-D4D0D4D6341705BB""]","[""arxiv:2507.11549"",""title_sha256:d0e0467bb8ce5cbd""]",A Memory-Efficient Framework for Deformable Transformer with Neural Architecture Search,a memory efficient framework for deformable transformer with neural architecture search,Wendong Mao; Mingfan Zhao; Jianfeng Guan; Qiwei Dong; Zhongfeng Wang,2025,,2507.11549
WORK-BC7348FFDFDE1D96,REC-5300A102BA97CB5B,latest non-withdrawn preprint,1,"[""REC-5300A102BA97CB5B""]","[""arxiv:2507.12418"",""title_sha256:a178b9bf94cf4d70""]",High-Performance Pipelined NTT Accelerators with Homogeneous Digit-Serial Modulo Arithmetic,high performance pipelined ntt accelerators with homogeneous digit serial modulo arithmetic,George Alexakis; Dimitrios Schoinianakis; Giorgos Dimitrakopoulos,2025,,2507.12418
WORK-A34BBA66476F4AD5,REC-3E83647529A0BF93,latest non-withdrawn preprint,1,"[""REC-3E83647529A0BF93""]","[""arxiv:2507.14139"",""title_sha256:a3cb068dae8aaa60""]",SpeedLLM: An FPGA Co-design of Large Language Model Inference Accelerator,speedllm an fpga co design of large language model inference accelerator,Peipei Wang; Wu Guan; Liping Liang; Zhijun Wang; Hanqing Luo; Zhibin Zhang,2025,,2507.14139
WORK-89E744CABC88AC81,REC-928C37379AB66C32,latest non-withdrawn preprint,1,"[""REC-928C37379AB66C32""]","[""arxiv:2507.17962"",""title_sha256:cfb4334319f1e3d9""]",TimelyHLS: LLM-Based Timing-Aware and Architecture-Specific FPGA HLS Optimization,timelyhls llm based timing aware and architecture specific fpga hls optimization,Nowfel Mashnoor; Mohammad Akyash; Hadi Kamali; Kimia Azar,2025,,2507.17962
WORK-26328C11C60EF5A6,REC-C1B45DD5CFFDEF49,latest non-withdrawn preprint,1,"[""REC-C1B45DD5CFFDEF49""]","[""arxiv:2507.20420"",""title_sha256:4f448fa76a7307cf""]",Demystifying the 7-D Convolution Loop Nest for Data and Instruction Streaming in Reconfigurable AI Accelerators,demystifying the 7 d convolution loop nest for data and instruction streaming in reconfigurable ai accelerators,Md Rownak Hossain Chowdhury; Mostafizur Rahman,2025,,2507.20420
WORK-0C40CA296579F793,REC-70FF806962EDBD4E,latest non-withdrawn preprint,1,"[""REC-70FF806962EDBD4E""]","[""arxiv:2507.22374"",""title_sha256:f6c82d6d1dabb255""]",End-to-end image compression and reconstruction with ultrahigh speed and ultralow energy enabled by opto-electronic computing processor,end to end image compression and reconstruction with ultrahigh speed and ultralow energy enabled by opto electronic computing processor,Yuhang Wang; Ang Li; Yihang Shao; Qiang Li; Yang Zhao; Shilong Pan,2025,,2507.22374
WORK-227B756559009085,REC-D675CF108CBF8BAA,latest non-withdrawn preprint,1,"[""REC-D675CF108CBF8BAA""]","[""arxiv:2508.03062"",""title_sha256:fc0f15d83e17f03a""]",Lightweight Fault Detection Architecture for NTT on FPGA,lightweight fault detection architecture for ntt on fpga,Rourab Paul; Paresh Baidya; Krishnendu Guha,2025,,2508.03062
WORK-D493AF8AFB822938,REC-A84588B0F7BE86BC,latest non-withdrawn preprint,1,"[""REC-A84588B0F7BE86BC""]","[""arxiv:2508.07431"",""title_sha256:8def5849d6b93b60""]",Investigating 1-Bit Quantization in Transformer-Based Top Tagging,investigating 1 bit quantization in transformer based top tagging,Saurabh Rai; Prisha; Jitendra Kumar,2025,,2508.07431
WORK-A5C89A8FAF05933A,REC-1229847FA1C1D549,latest non-withdrawn preprint,1,"[""REC-1229847FA1C1D549""]","[""arxiv:2508.08709"",""title_sha256:d6a68125223db8ae""]",CRADLE: Conversational RTL Design Space Exploration with LLM-based Multi-Agent Systems,cradle conversational rtl design space exploration with llm based multi agent systems,Lukas Krupp; Maximilian Schöffel; Elias Biehl; Norbert Wehn,2025,,2508.08709
WORK-DE1374C0AC8B542C,REC-B9BB1B48E25209CD,latest non-withdrawn preprint,2,"[""REC-374F2F1C49957DA6"",""REC-B9BB1B48E25209CD""]","[""arxiv:2508.10303"",""title_sha256:dedf7105a02c7b8b""]",DiffAxE: Diffusion-driven Hardware Accelerator Generation and Design Space Exploration,diffaxe diffusion driven hardware accelerator generation and design space exploration,Arkapravo Ghosh; Abhishek Moitra; Abhiroop Bhattacharjee; Ruokai Yin; Priyadarshini Panda,2025,,2508.10303
WORK-BDE73567632ABDE0,REC-867BF18E2ADEBF6C,latest non-withdrawn preprint,1,"[""REC-867BF18E2ADEBF6C""]","[""arxiv:2508.10370"",""title_sha256:b2e0fa1e910bd32d""]",eMamba: Efficient Acceleration Framework for Mamba Models in Edge Computing,emamba efficient acceleration framework for mamba models in edge computing,Jiyong Kim; Jaeho Lee; Jiahao Lin; Alish Kanani; Miao Sun; Umit Y. Ogras; Jaehyun Park,2025,,2508.10370
WORK-03A819E438C41218,REC-55AF74F48541DBB8,latest non-withdrawn preprint,1,"[""REC-55AF74F48541DBB8""]","[""arxiv:2508.10904"",""title_sha256:f5427faa8a231b99""]",A2H-MAS: An Algorithm-to-HLS Multi-Agent System for Automated and Reliable FPGA Implementation,a2h mas an algorithm to hls multi agent system for automated and reliable fpga implementation,Jie Lei; Ruofan Jia; J. Andrew Zhang; Hao Zhang,2025,,2508.10904
WORK-A23779F50004E7DD,REC-0AB8E04D7DD6C72A,peer-reviewed manifestation; latest version breaks ties,1,"[""REC-0AB8E04D7DD6C72A""]","[""arxiv:2508.11594"",""doi:10.1088/2632-2153/ae51dd"",""title_sha256:121302ba96f51c7d""]",It's not a FAD: first results in using Flows for unsupervised Anomaly Detection at 40 MHz at the Large Hadron Collider,it s not a fad first results in using flows for unsupervised anomaly detection at 40 mhz at the large hadron collider,Francesco Vaselli; Chang Sun; Thea Aarrestad; Dimitrios Danopoulos; Roope Oskari Niemi; Maciej Mikolaj Glowacki; Katya Govorkova; Vladimir Loncar; Felice Pantaleo; Maurizio Pierini,2025,10.1088/2632-2153/ae51dd,2508.11594
WORK-F3CC25F6B6D57A1A,REC-1C63BBF0DA4696BC,latest non-withdrawn preprint,1,"[""REC-1C63BBF0DA4696BC""]","[""arxiv:2508.13478"",""title_sha256:ba6cd33375958faa""]",Distribution-Aware Hadamard Quantization for Hardware-Efficient Implicit Neural Representations,distribution aware hadamard quantization for hardware efficient implicit neural representations,Wenyong Zhou; Jiachen Ren; Taiqiang Wu; Yuxin Cheng; Zhengwu Liu; Ngai Wong,2025,,2508.13478
WORK-5333E781778558B3,REC-2524EF73E57121D9,peer-reviewed manifestation; latest version breaks ties,1,"[""REC-2524EF73E57121D9""]","[""arxiv:2508.13905"",""doi:10.1109/isc266238.2025.11293267"",""title_sha256:ccbe044d52fe9575""]",Automated Energy-Aware Time-Series Model Deployment on Embedded FPGAs for Resilient Combined Sewer Overflow Management,automated energy aware time series model deployment on embedded fpgas for resilient combined sewer overflow management,Tianheng Ling; Vipin Singh; Chao Qian; Felix Biessmann; Gregor Schiele,2025,10.1109/isc266238.2025.11293267,2508.13905
WORK-9E32F1C8110F6B21,REC-805AE51C4211C504,peer-reviewed manifestation; latest version breaks ties,1,"[""REC-805AE51C4211C504""]","[""arxiv:2508.15468"",""doi:10.1109/icfpt67023.2025.00030"",""title_sha256:db4759d016a367a6""]",JEDI-linear: Fast and Efficient Graph Neural Networks for Jet Tagging on FPGAs,jedi linear fast and efficient graph neural networks for jet tagging on fpgas,Zhiqiang Que; Chang Sun; Sudarshan Paramesvaran; Emyr Clement; Katerina Karakoulaki; Christopher Brown; Lauri Laatu; Arianna Cox; Alexander Tapper; Wayne Luk; Maria Spiropulu,2025,10.1109/icfpt67023.2025.00030,2508.15468
WORK-AB82EA688DA83D58,REC-F6EE464E0EAC055F,latest non-withdrawn preprint,1,"[""REC-F6EE464E0EAC055F""]","[""arxiv:2508.20334"",""title_sha256:44b0be62dbe569cd""]",Systolic Array-based Architecture for Low-Bit Integerized Vision Transformers,systolic array based architecture for low bit integerized vision transformers,Ching-Yi Lin; Sahil Shah,2025,,2508.20334
WORK-F2DC066E5598BF81,REC-6CF049B6B7FF9E23,latest non-withdrawn preprint,1,"[""REC-6CF049B6B7FF9E23""]","[""arxiv:2509.00589"",""title_sha256:ca22ccab4e6ed81b""]",Real-Time Piano Note Frequency Detection Using FPGA and FFT Core,real time piano note frequency detection using fpga and fft core,Shafayet M. Anik; D. G. Perera,2025,,2509.00589
WORK-7D61846EDABE888E,REC-A9812738B0D3FDF8,latest non-withdrawn preprint,1,"[""REC-A9812738B0D3FDF8""]","[""arxiv:2509.01149"",""title_sha256:1bbaa614684cdc7b""]",Compiler Bugs Detection in Logic Synthesis Tools via Linear Upper Confidence Bound,compiler bugs detection in logic synthesis tools via linear upper confidence bound,Hui Zeng; Zhihao Xu; Hui Li; Siwen Wang; Qian Ma,2025,,2509.01149
WORK-EF452969ACBB9FAC,REC-FD2B3322B61290F3,latest non-withdrawn preprint,1,"[""REC-FD2B3322B61290F3""]","[""arxiv:2509.04162"",""title_sha256:e26c2240aac54998""]",Real Time FPGA Based Transformers & VLMs for Vision Tasks: SOTA Designs and Optimizations,real time fpga based transformers vlms for vision tasks sota designs and optimizations,Safa Mohammed Sali; Mahmoud Meribout; Ashiyana Abdul Majeed,2025,,2509.04162
WORK-F23C2D3F2B094530,REC-908FFDB34685B693,peer-reviewed manifestation; latest version breaks ties,1,"[""REC-908FFDB34685B693""]","[""arxiv:2509.13694"",""doi:10.1145/3725843.3762817"",""title_sha256:a17305f0e060e440""]",StreamTensor: Make Tensors Stream in Dataflow Accelerators for LLMs,streamtensor make tensors stream in dataflow accelerators for llms,Hanchen Ye; Deming Chen,2025,10.1145/3725843.3762817,2509.13694
WORK-3743FA26ADD8EF20,REC-BEACC83B64B951BF,latest non-withdrawn preprint,1,"[""REC-BEACC83B64B951BF""]","[""arxiv:2509.13765"",""title_sha256:23470f8ebcc55180""]",TENET: An Efficient Sparsity-Aware LUT-Centric Architecture for Ternary LLM Inference On Edge,tenet an efficient sparsity aware lut centric architecture for ternary llm inference on edge,Zhirui Huang; Rui Ma; Shijie Cao; Ran Shu; Ian Wang; Ting Cao; Chixiao Chen; Yongqiang Xiong,2025,,2509.13765
WORK-AC1953D0DD6AB7C3,REC-C9DCCD19015DC11E,latest non-withdrawn preprint,1,"[""REC-C9DCCD19015DC11E""]","[""arxiv:2509.15076"",""title_sha256:8267703d1ed7d83d""]",Forecasting and Visualizing Air Quality from Sky Images with Vision-Language Models,forecasting and visualizing air quality from sky images with vision language models,Mohammad Saleh Vahdatpour; Maryam Eyvazi; Yanqing Zhang,2025,,2509.15076
WORK-B4D1C8CE3592F127,REC-E4632083C47944B3,latest non-withdrawn preprint,1,"[""REC-E4632083C47944B3""]","[""arxiv:2509.15097"",""title_sha256:9dc09d4773350fc9""]",The Energy-Efficient Hierarchical Neural Network with Fast FPGA-Based Incremental Learning,the energy efficient hierarchical neural network with fast fpga based incremental learning,Mohammad Saleh Vahdatpour; Huaiyuan Chu; Yanqing Zhang,2025,,2509.15097
WORK-E2FF24E7DB4BBD32,REC-2D053154E4E78BA8,peer-reviewed manifestation; latest version breaks ties,1,"[""REC-2D053154E4E78BA8""]","[""arxiv:2509.17355"",""doi:10.1088/2634-4386/ae66b2"",""title_sha256:4c1384a42950a17b""]",CMOS Implementation of Field Programmable Spiking Neural Network for Hardware Reservoir Computing,cmos implementation of field programmable spiking neural network for hardware reservoir computing,Ckristian Duran; Nanako Kimura; Zolboo Byambadorj; Tetsuya Iizuka,2025,10.1088/2634-4386/ae66b2,2509.17355
WORK-B62C79FB5627F382,REC-BE520FAB2229160E,latest non-withdrawn preprint,1,"[""REC-BE520FAB2229160E""]","[""arxiv:2509.24425"",""title_sha256:99fa81e3401eb090""]",BiHDTrans: binary hyperdimensional transformer for efficient multivariate time series classification,bihdtrans binary hyperdimensional transformer for efficient multivariate time series classification,Jingtao Zhang; Yi Liu; Qi Shen; Changhong Wang,2025,,2509.24425
WORK-16DC17039A44A993,REC-525F07C62996AA0D,latest non-withdrawn preprint,1,"[""REC-525F07C62996AA0D""]","[""arxiv:2509.26335"",""title_sha256:66691a0913da5839""]",TrackCore-F: Deploying Transformer-Based Subatomic Particle Tracking on FPGAs,trackcore f deploying transformer based subatomic particle tracking on fpgas,Arjan Blankestijn; Uraz Odyurt; Amirreza Yousefzadeh,2025,,2509.26335
WORK-3C1CFB27AB6B5985,REC-939579D7FA707D17,latest non-withdrawn preprint,1,"[""REC-939579D7FA707D17""]","[""arxiv:2510.01598"",""title_sha256:d17013d6eb33e40d""]",Securing generative artificial intelligence with parallel magnetic tunnel junction true randomness,securing generative artificial intelligence with parallel magnetic tunnel junction true randomness,Youwei Bao; Shuhan Yang; Hyunsoo Yang,2025,,2510.01598
WORK-F9981FF5B94E8822,REC-65FB5420A0B12A25,peer-reviewed manifestation; latest version breaks ties,1,"[""REC-65FB5420A0B12A25""]","[""arxiv:2510.03516"",""doi:10.1109/tcsi.2026.3682627"",""title_sha256:708557e40cd9ac4f""]",COMET: Co-Optimization of a CNN Model using Efficient-Hardware OBC Techniques,comet co optimization of a cnn model using efficient hardware obc techniques,Boyang Chen; Mohd Tasleem Khan; George Goussetis; Mathini Sellathurai; Yuan Ding; João F. C. Mota; Jongeun Lee,2025,10.1109/tcsi.2026.3682627,2510.03516
WORK-46BEA550E8BFE22F,REC-FE659F378ED5871B,latest non-withdrawn preprint,1,"[""REC-FE659F378ED5871B""]","[""arxiv:2510.10225"",""title_sha256:05698e616ebea498""]","ISAAC: Intelligent, Scalable, Agile, and Accelerated CPU Verification via LLM-aided FPGA Parallelism",isaac intelligent scalable agile and accelerated cpu verification via llm aided fpga parallelism,Jialin Sun; Yuchen Hu; Dean You; Yushu Du; Hui Wang; Xinwei Fang; Weiwei Shan; Nan Guan; Zhe Jiang,2025,,2510.10225
WORK-1B294A2D3BFB3BF1,REC-28937A3B820B31B6,peer-reviewed manifestation; latest version breaks ties,1,"[""REC-28937A3B820B31B6""]","[""arxiv:2510.14060"",""doi:10.1038/s41467-026-70556-3"",""title_sha256:3cef332729ed28dd""]",Decoding Correlated Errors in Quantum LDPC Codes,decoding correlated errors in quantum ldpc codes,Arshpreet Singh Maan; Francisco-Garcia Herrero; Alexandru Paler; Valentin Savin,2025,10.1038/s41467-026-70556-3,2510.14060
WORK-D98F092B3E212C22,REC-48B14D3F981A4130,latest non-withdrawn preprint,1,"[""REC-48B14D3F981A4130""]","[""arxiv:2510.15926"",""title_sha256:44cfdc854076d8fe""]",TeLLMe v2: An Efficient End-to-End Ternary LLM Prefill and Decode Accelerator with Table-Lookup Matmul on Edge FPGAs,tellme v2 an efficient end to end ternary llm prefill and decode accelerator with table lookup matmul on edge fpgas,Ye Qiao; Zhiheng Chen; Yifan Zhang; Yian Wang; Sitao Huang,2025,,2510.15926
WORK-D09592325C3D6F51,REC-DD588E778AEE07F4,latest non-withdrawn preprint,1,"[""REC-DD588E778AEE07F4""]","[""arxiv:2510.16418"",""title_sha256:17cb90880655377e""]",FourierCompress: Layer-Aware Spectral Activation Compression for Efficient and Accurate Collaborative LLM Inference,fouriercompress layer aware spectral activation compression for efficient and accurate collaborative llm inference,Jian Ma; Xinchen Lyu; Jun Jiang; Longhao Zou; Chenshan Ren; Qimei Cui; Xiaofeng Tao,2025,,2510.16418
WORK-7DC64A388C42E261,REC-965CCFFDE7F04B1C,latest non-withdrawn preprint,1,"[""REC-965CCFFDE7F04B1C""]","[""arxiv:2510.21745"",""title_sha256:a2f0c237bdbbdf67""]",Simopt-Power: Leveraging Simulation Metadata for Low-Power Design Synthesis,simopt power leveraging simulation metadata for low power design synthesis,Eashan Wadhwa; Shanker Shreejith,2025,,2510.21745
WORK-E994FA217D820FE4,REC-462BCA4753C78ACE,latest non-withdrawn preprint,1,"[""REC-462BCA4753C78ACE""]","[""arxiv:2510.22243"",""title_sha256:750ad50df6d8355a""]",Real-Time Semantic Segmentation on FPGA for Autonomous Vehicles Using LMIINet with the CGRA4ML Framework,real time semantic segmentation on fpga for autonomous vehicles using lmiinet with the cgra4ml framework,Amir Mohammad Khadem Hosseini; Sattar Mirzakuchaki,2025,,2510.22243
WORK-CC16B9A0F03A6260,REC-EABB5667866DC451,peer-reviewed manifestation; latest version breaks ties,1,"[""REC-EABB5667866DC451""]","[""arxiv:2510.24738"",""doi:10.1109/aiot66900.2025.00021"",""title_sha256:63ede83d3f46ec5e""]",StrikeWatch: Wrist-worn Gait Recognition with Compact Time-series Models on Low-power FPGAs,strikewatch wrist worn gait recognition with compact time series models on low power fpgas,Tianheng Ling; Chao Qian; Peter Zdankin; Torben Weis; Gregor Schiele,2025,10.1109/aiot66900.2025.00021,2510.24738
WORK-8AF4153EE2C14AC4,REC-7A1FA14A8DCA183B,latest non-withdrawn preprint,1,"[""REC-7A1FA14A8DCA183B""]","[""arxiv:2510.24784"",""title_sha256:5737a4f63f1005c2""]",Sub-microsecond Transformers for Jet Tagging on FPGAs,sub microsecond transformers for jet tagging on fpgas,Lauri Laatu; Chang Sun; Arianna Cox; Abhijith Gandrakota; Benedikt Maier; Jennifer Ngadiuba; Zhiqiang Que; Wayne Luk; Maria Spiropulu; Alexander Tapper,2025,,2510.24784
WORK-6D096A5C1BB8CE45,REC-9979CC5AB4BD1317,latest non-withdrawn preprint,1,"[""REC-9979CC5AB4BD1317""]","[""arxiv:2510.24985"",""title_sha256:302115b72a61d02b""]",FaRAccel: FPGA-Accelerated Defense Architecture for Efficient Bit-Flip Attack Resilience in Transformer Models,faraccel fpga accelerated defense architecture for efficient bit flip attack resilience in transformer models,Najmeh Nazari; Banafsheh Saber Latibari; Elahe Hosseini; Fatemeh Movafagh; Chongzhou Fang; Hosein Mohammadi Makrani; Kevin Immanuel Gubbi; Abhijit Mahalanobis; Setareh Rafatirad; Hossein Sayadi; Houman Homayoun,2025,,2510.24985
WORK-9CB6E8866B0671AC,REC-12ADC59BADCFF351,peer-reviewed manifestation; latest version breaks ties,1,"[""REC-12ADC59BADCFF351""]","[""arxiv:2511.00812"",""doi:10.1109/icfpt67023.2025.00013"",""title_sha256:b4a257b2e8db75b6""]",LL-ViT: Edge Deployable Vision Transformers with Look Up Table Neurons,ll vit edge deployable vision transformers with look up table neurons,Shashank Nag; Alan T. L. Bacellar; Zachary Susskind; Anshul Jha; Logan Liberty; Aishwarya Sivakumar; Eugene B. John; Krishnan Kailas; Priscila M. V. Lima; Neeraja J. Yadwadkar; Felipe M. G. Franca; Lizy K. John,2025,10.1109/icfpt67023.2025.00013,2511.00812
WORK-16A3F379BECF832A,REC-5F3EF920419354F6,peer-reviewed manifestation; latest version breaks ties,1,"[""REC-5F3EF920419354F6""]","[""arxiv:2511.05615"",""doi:10.1145/3787490"",""title_sha256:12ee2b1a99d7d3da""]",wa-hls4ml: A Benchmark and Surrogate Models for hls4ml Resource and Latency Estimation,wa hls4ml a benchmark and surrogate models for hls4ml resource and latency estimation,Benjamin Hawks; Jason Weitz; Dmitri Demler; Karla Tame-Narvaez; Dennis Plotnikov; Mohammad Mehdi Rahimifar; Hamza Ezzaoui Rahali; Audrey C. Therrien; Donovan Sproule; Elham E Khoda; Keegan A. Smith; Russell Marroquin; Giuseppe Di Guglielmo; Nhan Tran; Javier Duarte; Vladimir Loncar,2025,10.1145/3787490,2511.05615
WORK-CBBDA38C4BD4D8B3,REC-3ED97335A1D4DAF1,latest non-withdrawn preprint,1,"[""REC-3ED97335A1D4DAF1""]","[""arxiv:2511.06174"",""title_sha256:063d8d5ef53d41b1""]",LUT-LLM: Efficient Large Language Model Inference with Memory-based Computations on FPGAs,lut llm efficient large language model inference with memory based computations on fpgas,Zifan He; Shengyu Ye; Rui Ma; Yang Wang; Jason Cong,2025,,2511.06174
WORK-B47023C29E686E48,REC-5D415BE753409B13,latest non-withdrawn preprint,1,"[""REC-5D415BE753409B13""]","[""arxiv:2511.06767"",""title_sha256:8296403cf00f1940""]",QUARK: Quantization-Enabled Circuit Sharing for Transformer Acceleration by Exploiting Common Patterns in Nonlinear Operations,quark quantization enabled circuit sharing for transformer acceleration by exploiting common patterns in nonlinear operations,Zhixiong Zhao; Haomin Li; Fangxin Liu; Yuncheng Lu; Zongwu Wang; Tao Yang; Li Jiang; Haibing Guan,2025,,2511.06767
WORK-7F057BB7FC916EC9,REC-5F3D8033CA8716D1,latest non-withdrawn preprint,1,"[""REC-5F3D8033CA8716D1""]","[""arxiv:2511.08135"",""title_sha256:762d1920aeddfaf5""]",UniFormer: Unified and Efficient Transformer for Reasoning Across General and Custom Computing,uniformer unified and efficient transformer for reasoning across general and custom computing,Zhuoheng Ran; Chong Wu; Renjie Xu; Maolin Che; Hong Yan,2025,,2511.08135
WORK-F18636AB5FA5D7E7,REC-A09E64F97FA61561,latest non-withdrawn preprint,1,"[""REC-A09E64F97FA61561""]","[""arxiv:2511.13676"",""title_sha256:393f43c484c50a87""]",T-SAR: A Full-Stack Co-design for CPU-Only Ternary LLM Inference via In-Place SIMD ALU Reorganization,t sar a full stack co design for cpu only ternary llm inference via in place simd alu reorganization,Hyunwoo Oh; KyungIn Nam; Rajat Bhattacharjya; Hanning Chen; Tamoghno Das; Sanggeon Yun; Suyeon Jang; Andrew Ding; Nikil Dutt; Mohsen Imani,2025,,2511.13676
WORK-1F4A9AE690A421DC,REC-ED5450FF15872377,latest non-withdrawn preprint,1,"[""REC-ED5450FF15872377""]","[""arxiv:2511.15323"",""title_sha256:acac70ab5f0dd021""]",SkyEgg: Joint Implementation Selection and Scheduling for Hardware Synthesis using E-graphs,skyegg joint implementation selection and scheduling for hardware synthesis using e graphs,Youwei Xiao; Yuyang Zou; Yun Liang,2025,,2511.15323
WORK-B98B10173C8823FF,REC-5C4ADC39D64D338C,peer-reviewed manifestation; latest version breaks ties,1,"[""REC-5C4ADC39D64D338C""]","[""arxiv:2511.15505"",""doi:10.1109/mcsoc67473.2025.00108"",""title_sha256:378033c3041b0596""]",Instruction-Based Coordination of Heterogeneous Processing Units for Acceleration of DNN Inference,instruction based coordination of heterogeneous processing units for acceleration of dnn inference,Anastasios Petropoulos; Theodore Antonakopoulos,2025,10.1109/mcsoc67473.2025.00108,2511.15505
WORK-222E3401CF429125,REC-0FC0CC9FC50469EE,latest non-withdrawn preprint,1,"[""REC-0FC0CC9FC50469EE""]","[""arxiv:2511.22889"",""title_sha256:44bd579777cc78d3""]","The Immutable Tensor Architecture: A Pure Dataflow Approach for Secure, Energy-Efficient AI Inference",the immutable tensor architecture a pure dataflow approach for secure energy efficient ai inference,Fang Li,2025,,2511.22889
WORK-D7B06D61582C8D39,REC-92F308C0D23DBD70,latest non-withdrawn preprint,1,"[""REC-92F308C0D23DBD70""]","[""arxiv:2512.00016"",""title_sha256:95d61a0dba14f35c""]",Architect in the Loop Agentic Hardware Design and Verification,architect in the loop agentic hardware design and verification,Mubarek Mohammed,2025,,2512.00016
WORK-84D489636861F87C,REC-F678D73F154843E5,peer-reviewed manifestation; latest version breaks ties,1,"[""REC-F678D73F154843E5""]","[""arxiv:2512.00335"",""doi:10.1109/access.2025.3636266"",""title_sha256:076cd45605c50939""]",Efficient Kernel Mapping and Comprehensive System Evaluation of LLM Acceleration on a CGLA,efficient kernel mapping and comprehensive system evaluation of llm acceleration on a cgla,Takuto Ando; Yu Eto; Ayumu Takeuchi; Yasuhiko Nakashima,2025,10.1109/access.2025.3636266,2512.00335
WORK-A0F72D4F2FF027A7,REC-795EC13A60CA2881,latest non-withdrawn preprint,1,"[""REC-795EC13A60CA2881""]","[""arxiv:2512.11550"",""title_sha256:4c1e8506fb780ff2""]",PD-Swap: Prefill-Decode Logic Swapping for End-to-End LLM Inference on Edge FPGAs via Dynamic Partial Reconfiguration,pd swap prefill decode logic swapping for end to end llm inference on edge fpgas via dynamic partial reconfiguration,Yifan Zhang; Zhiheng Chen; Ye Qiao; Sitao Huang,2025,,2512.11550
WORK-0730D94F1FAFFE1E,REC-A3A7195BE5E5F981,latest non-withdrawn preprint,1,"[""REC-A3A7195BE5E5F981""]","[""arxiv:2512.11920"",""title_sha256:3f9047689904f125""]",CXL-SpecKV: A Disaggregated FPGA Speculative KV-Cache for Datacenter LLM Serving,cxl speckv a disaggregated fpga speculative kv cache for datacenter llm serving,Dong Liu; Yanxuan Yu,2025,,2512.11920
WORK-777A6B684FCC057A,REC-83B76CC7809050A0,latest non-withdrawn preprint,1,"[""REC-83B76CC7809050A0""]","[""arxiv:2512.13263"",""title_sha256:6cfbb9fd22eb0c41""]",An End-to-End Neural Network Transceiver Design for OFDM System with FPGA-Accelerated Implementation,an end to end neural network transceiver design for ofdm system with fpga accelerated implementation,Yi Luo; Luping Xiang; Cheng Luo; Kun Yang; Shida Zhong; Jienan Chen,2025,,2512.13263
WORK-AAFE9325F0AE4FEE,REC-3E67D6E6336EB3E9,peer-reviewed manifestation; latest version breaks ties,1,"[""REC-3E67D6E6336EB3E9""]","[""arxiv:2512.14762"",""title_sha256:49924b81f92baac9""]",Workflows vs Agents for Code Translation,workflows vs agents for code translation,Henry Gray; Tom Yotam; Octavian Udrea,2025,,2512.14762
WORK-9A24FCF25C9CF85A,REC-BB32A1B6674133E8,latest non-withdrawn preprint,1,"[""REC-BB32A1B6674133E8""]","[""arxiv:2512.15515"",""title_sha256:16ad30204a9fe675""]",FAME: FPGA Acceleration of Secure Matrix Multiplication with Homomorphic Encryption,fame fpga acceleration of secure matrix multiplication with homomorphic encryption,Zhihan Xu; Rajgopal Kannan; Viktor K. Prasanna,2025,,2512.15515
WORK-9BA57A8E909BF25D,REC-2514284B7C63EDA7,latest non-withdrawn preprint,1,"[""REC-2514284B7C63EDA7""]","[""arxiv:2512.15838"",""title_sha256:7d6185db01833c41""]",Low-Latency FPGA Control System for Real-Time Neural Network Processing in CCD-Based Trapped-Ion Qubit Measurement,low latency fpga control system for real time neural network processing in ccd based trapped ion qubit measurement,Binglei Lou; Gautham Duddi Krishnaswaroop; Filip Wojcicki; Ruilin Wu; Richard Rademacher; Zhiqiang Que; Wayne Luk; Philip H. W. Leong,2025,,2512.15838
WORK-C62C90F1440FC4A3,REC-510075C37D685110,latest non-withdrawn preprint,1,"[""REC-510075C37D685110""]","[""arxiv:2512.23914"",""title_sha256:89dbdcc42cb1a027""]",Hardware Acceleration for Neural Networks: A Comprehensive Survey,hardware acceleration for neural networks a comprehensive survey,Bin Xu; Ayan Banerjee; Sandeep Gupta,2025,,2512.23914
WORK-3A37BBC235AD6733,REC-A0B5993AEECCF0B8,latest non-withdrawn preprint,1,"[""REC-A0B5993AEECCF0B8""]","[""arxiv:2512.24713"",""title_sha256:d5c8e8566d072c9c""]",FPGA Co-Design for Efficient N:M Sparse and Quantized Model Inference,fpga co design for efficient n m sparse and quantized model inference,Fen-Yu Hsieh; Yun-Chang Teng; Ding-Yong Hong; Jan-Jan Wu,2025,,2512.24713
WORK-F722142B1B386E2D,REC-136E0A6CF2902F8E,latest non-withdrawn preprint,1,"[""REC-136E0A6CF2902F8E""]","[""arxiv:2601.02135"",""title_sha256:f6a08279e0e89c75""]",HFRWKV: A High-Performance Fully On-Chip Hardware Accelerator for RWKV,hfrwkv a high performance fully on chip hardware accelerator for rwkv,Liu Shijie; Zeng Zhenghao; Jiao Han; Huang Yihua,2026,,2601.02135
WORK-D62EC097E3F9A0EF,REC-9C84CD6F53E668CB,latest non-withdrawn preprint,1,"[""REC-9C84CD6F53E668CB""]","[""arxiv:2601.06065"",""title_sha256:618bbb41dac721d4""]",Enabling Long FFT Convolutions on Memory-Constrained FPGAs via Chunking,enabling long fft convolutions on memory constrained fpgas via chunking,Peter Wang; Neelesh Gupta; Viktor Prasanna,2025,,2601.06065
WORK-7A94CFC13901DAC9,REC-57D5901E46D93621,latest non-withdrawn preprint,1,"[""REC-57D5901E46D93621""]","[""arxiv:2601.07130"",""title_sha256:9980b5ba4968d7a7""]",The Potential Impact of Neuromorphic Computing on Radio Telescope Observatories,the potential impact of neuromorphic computing on radio telescope observatories,Nicholas J. Pritchard; Richard Dodson; Andreas Wicenec,2026,,2601.07130
WORK-A89B5AEDBB0E756D,REC-FEAA09BB86B0EBDA,latest non-withdrawn preprint,1,"[""REC-FEAA09BB86B0EBDA""]","[""arxiv:2601.09217"",""title_sha256:6c1f0731ba74082b""]",Relational Hoare Logic for High-Level Synthesis of Hardware Accelerators,relational hoare logic for high level synthesis of hardware accelerators,Izumi Tanaka; Ken Sakayori; Shinya Takamaeda-Yamazaki; Naoki Kobayashi,2026,,2601.09217
WORK-94518A8DDCA5A5CE,REC-B0590D78EA1EFC4E,latest non-withdrawn preprint,1,"[""REC-B0590D78EA1EFC4E""]","[""arxiv:2601.14098"",""title_sha256:1943060b84b1f6b5""]",A flexible language model-assisted electronic design automation framework,a flexible language model assisted electronic design automation framework,Cristian Sestito; Panagiota Kontou; Pratibha Verma; Atish Dixit; Alexandros D. Keros; Michael O'Boyle; Christos-Savvas Bouganis; Themis Prodromakis,2026,,2601.14098
WORK-E7D0E6CB21E15E0B,REC-B43B25ED6C25AA2D,latest non-withdrawn preprint,1,"[""REC-B43B25ED6C25AA2D""]","[""arxiv:2601.15151"",""title_sha256:29d453ddc97f7d19""]",Pipeline Automation Framework for Reusable High-throughput Network Applications on FPGA,pipeline automation framework for reusable high throughput network applications on fpga,Jean Bruant; Pierre-Henri Horrein; Olivier Muller; Frédéric Pétrot,2026,,2601.15151
WORK-7081D6F93A40D169,REC-F7C40BB06A37B794,latest non-withdrawn preprint,1,"[""REC-F7C40BB06A37B794""]","[""arxiv:2601.15710"",""title_sha256:8c23cbbbacde3893""]",FlexLLM: Composable HLS Library for Flexible Hybrid LLM Accelerator Design,flexllm composable hls library for flexible hybrid llm accelerator design,Jiahao Zhang; Zifan He; Nicholas Fraser; Michaela Blott; Yizhou Sun; Jason Cong,2026,,2601.15710
WORK-868F7BE976E229B3,REC-4E361D4CBDFC8F53,peer-reviewed manifestation; latest version breaks ties,1,"[""REC-4E361D4CBDFC8F53""]","[""arxiv:2601.17215"",""doi:10.1109/icfpt67023.2025.00030"",""title_sha256:d35083bb82e5a84b""]",JetFormer: A Scalable and Efficient Transformer for Jet Tagging from Offline Analysis to FPGA Triggers,jetformer a scalable and efficient transformer for jet tagging from offline analysis to fpga triggers,Ruoqing Zheng; Chang Sun; Qibin Liu; Lauri Laatu; Arianna Cox; Benedikt Maier; Alexander Tapper; Jose G. F. Coutinho; Wayne Luk; Zhiqiang Que,2026,10.1109/icfpt67023.2025.00030,2601.17215
WORK-58F50C85F6C41FB0,REC-AA20210441F740E6,latest non-withdrawn preprint,1,"[""REC-AA20210441F740E6""]","[""arxiv:2601.17806"",""title_sha256:9a6a38daf1c15852""]",@NTT: Algorithm-Targeted NTT hardware acceleration via Design-Time Constant Optimization,ntt algorithm targeted ntt hardware acceleration via design time constant optimization,Mohammed Nabeel; Mahmoud Hafez; Michail Maniatakos,2026,,2601.17806
WORK-B0A5569EBF86F257,REC-8545F20267A68E40,latest non-withdrawn preprint,1,"[""REC-8545F20267A68E40""]","[""arxiv:2601.19413"",""title_sha256:29c7149c849e31ce""]",NET4EXA: Pioneering the Future of Interconnects for Supercomputing and AI,net4exa pioneering the future of interconnects for supercomputing and ai,Michele Martinelli; Roberto Ammendola; Andrea Biagioni; Carlotta Chiarini; Ottorino Frezza; Francesca Lo Cicero; Alessandro Lonardo; Pier Stanislao Paolucci; Elena Pastorelli; Pierpaolo Perticaroli; Luca Pontisso; Cristian Rossi; Francesco Simula; Piero Vicini; David Colin; Grégoire Pichon; Alexandre Louvet; John Gliksberg; Claire Chen; Matteo Turisini; Andrea Monterubbiano; Jean-Philippe Nominé; Denis Dutoit; Hugo Taboada; Lilia Zaourar; Mohamed Benazouz; Angelos Bilas; Fabien Chaix; Manolis Katevenis; Nikolaos Chrysos; Evangelos Mageiropoulos; Christos Kozanitis; Thomas Moen; Steffen Persvold; Einar Rustad; Sandro Fiore; Fabrizio Granelli; Simone Pezzuto; Raffaello Potestio; Luca Tubiana; Philippe Velha; Flavio Vella; Daniele De Sensi; Salvatore Pontarelli,2026,,2601.19413
WORK-CE8604E56EAC2D7F,REC-5DE990D2A7F4ED8B,latest non-withdrawn preprint,1,"[""REC-5DE990D2A7F4ED8B""]","[""arxiv:2601.22804"",""title_sha256:0e827f4d1c417497""]",Trojan-Resilient NTT: Protecting Against Control Flow and Timing Faults on Reconfigurable Platforms,trojan resilient ntt protecting against control flow and timing faults on reconfigurable platforms,Rourab Paul; Krishnendu Guha; Amlan Chakrabarti,2026,,2601.22804
WORK-13666109D1E8DF37,REC-23229B1B1C344FB1,latest non-withdrawn preprint,1,"[""REC-23229B1B1C344FB1""]","[""arxiv:2602.02005"",""title_sha256:4f8cab62a5cc5973""]",Position: The Need for Ultrafast Training,position the need for ultrafast training,Duc Hoang,2026,,2602.02005
WORK-A561EB5BAF3EFFDF,REC-D287787009EA9CFE,latest non-withdrawn preprint,1,"[""REC-D287787009EA9CFE""]","[""arxiv:2602.06085"",""title_sha256:b80d95524f24e7fc""]",LAAFD: LLM-based Agents for Accelerated FPGA Design,laafd llm based agents for accelerated fpga design,Maxim Moraru; Kamalavasan Kamalakkannan; Jered Dominguez-Trujillo; Patrick Diehl; Atanu Barai; Julien Loiseau; Zachary Kent Baker; Howard Pritchard; Galen M Shipman,2026,,2602.06085
WORK-05E3F9EC4680C080,REC-6959A58704BD803C,latest non-withdrawn preprint,1,"[""REC-6959A58704BD803C""]","[""arxiv:2602.09410"",""title_sha256:ef084ef9778a6354""]",Accelerating Post-Quantum Cryptography via LLM-Driven Hardware-Software Co-Design,accelerating post quantum cryptography via llm driven hardware software co design,Yuchao Liao; Tosiron Adegbija; Roman Lysecky,2026,,2602.09410
WORK-670CC3BF1E64AF0F,REC-47E3674AA323D0A4,latest non-withdrawn preprint,1,"[""REC-47E3674AA323D0A4""]","[""arxiv:2602.18750"",""title_sha256:20de74e439fb1d8f""]",HillInfer: Efficient Long-Context LLM Inference on the Edge with Hierarchical KV Eviction using SmartSSD,hillinfer efficient long context llm inference on the edge with hierarchical kv eviction using smartssd,He Sun; Shinan Liu; Li Li; Mingjun Xiao,2026,,2602.18750
WORK-B4E6AFDC8B14744B,REC-D73CD39BFAF22510,latest non-withdrawn preprint,1,"[""REC-D73CD39BFAF22510""]","[""arxiv:2602.20515"",""title_sha256:c9edeccaa3a3fb6e""]",FAST-Prefill: FPGA Accelerated Sparse Attention for Long Context LLM Prefill,fast prefill fpga accelerated sparse attention for long context llm prefill,Rakshith Jayanth; Viktor Prasanna,2026,,2602.20515
WORK-2C16F10A30467E78,REC-81988529E906B625,latest non-withdrawn preprint,1,"[""REC-81988529E906B625""]","[""arxiv:2603.01556"",""title_sha256:13538779f98e3ea6""]",Hermes: A Unified High-Performance NTT Architecture with Hybrid Dataflow,hermes a unified high performance ntt architecture with hybrid dataflow,Hang Gu; Teng Wang; Qianyu Cheng; Jinao Li; Zhendong Zheng; Lei Gong; Wenqi Lou; Xi Li; Xuehai Zhou,2026,,2603.01556
WORK-A0AA3299FFD4B55E,REC-6861DF774D045B5D,latest non-withdrawn preprint,1,"[""REC-6861DF774D045B5D""]","[""arxiv:2603.03075"",""title_sha256:24a01438508d0331""]",TinyIceNet: Low-Power SAR Sea Ice Segmentation for On-Board FPGA Inference,tinyicenet low power sar sea ice segmentation for on board fpga inference,Mhd Rashed Al Koutayni; Mohamed Selim; Gerd Reis; Alain Pagani; Didier Stricker,2026,,2603.03075
WORK-D6F5E32A1CFEB87E,REC-FAC8489480AB16AF,latest non-withdrawn preprint,1,"[""REC-FAC8489480AB16AF""]","[""arxiv:2603.05931"",""title_sha256:0d4bdec544d12830""]",A Persistent-State Dataflow Accelerator for Memory-Bound Linear Attention Decode on FPGA,a persistent state dataflow accelerator for memory bound linear attention decode on fpga,Neelesh Gupta; Peter Wang; Rajgopal Kannan; Viktor K. Prasanna,2026,,2603.05931
WORK-0EA70D682C20A538,REC-C5FFB21E3A3121F0,peer-reviewed manifestation; latest version breaks ties,1,"[""REC-C5FFB21E3A3121F0""]","[""arxiv:2603.12637"",""doi:10.1016/j.vlsi.2026.102715"",""title_sha256:963d7cbc2b068ea1""]",ExpanderGraph-128: A Novel Graph-Theoretic Block Cipher with Formal Security Analysis and Hardware Implementation,expandergraph 128 a novel graph theoretic block cipher with formal security analysis and hardware implementation,W. A. Susantha Wijesinghe,2026,10.1016/j.vlsi.2026.102715,2603.12637
WORK-200199F16387DE63,REC-21E9ADD61448834C,latest non-withdrawn preprint,2,"[""REC-21E9ADD61448834C"",""REC-5C037721F00D95E3""]","[""arxiv:2603.14785"",""title_sha256:2da023870dccbf9d""]",SkipOPU: An FPGA-based Overlay Processor for Large Language Models with Dynamically Allocated Computation,skipopu an fpga based overlay processor for large language models with dynamically allocated computation,Zicheng He; Anhao Zhao; Xiaoyu Shen; Chen Wu; Lei He,2026,,2603.14785
WORK-3924FF0D0D7557D0,REC-324FEBE49170D903,latest non-withdrawn preprint,1,"[""REC-324FEBE49170D903""]","[""arxiv:2603.22600"",""title_sha256:0e100469bea9e7e1""]",The Radio-wave Observations at the Lunar Surface of the photoElectron Sheath (ROLSES) instrument onboard the Intuitive Machines-1 Mission to the Moon,the radio wave observations at the lunar surface of the photoelectron sheath rolses instrument onboard the intuitive machines 1 mission to the moon,Nat Gopalswamy; Robert J. MacDowall; Pertti A. Mäkelä; Scott A. Boardsen; Seiji Yashiro; Richard B. Katz; Igor Kleyner; Scott D. Murphy; Richard C. Mills; Chimaobi Onyeachu; Michael K. Choi; Thomas M. Schluszas; Victor Gonzalez-leon; Pietro A. Sparacino; William M. Farrell; Damon C. Bradley; Jack O. Burns; Joshua J. Hibbard,2026,,2603.22600
WORK-DC996BA70B1FDD4E,REC-D2CCA02341920D52,latest non-withdrawn preprint,1,"[""REC-D2CCA02341920D52""]","[""arxiv:2603.22867"",""title_sha256:ba494d2ab19a970c""]","TRINE: A Token-Aware, Runtime-Adaptive FPGA Inference Engine for Multimodal AI",trine a token aware runtime adaptive fpga inference engine for multimodal ai,Hyunwoo Oh; Hanning Chen; Sanggeon Yun; Yang Ni; Suyeon Jang; Behnam Khaleghi; Fei Wen; Mohsen Imani,2026,,2603.22867
WORK-5A1DBB1006F09888,REC-5DDEE20F5B196B1D,latest non-withdrawn preprint,1,"[""REC-5DDEE20F5B196B1D""]","[""arxiv:2603.23668"",""title_sha256:f0653daff2ad5df7""]",Energy Efficient Software Hardware CoDesign for Machine Learning: From TinyML to Large Language Models,energy efficient software hardware codesign for machine learning from tinyml to large language models,Mohammad Saleh Vahdatpour; Yanqing Zhang,2026,,2603.23668
WORK-6B67737B78AD16BF,REC-1CADB59192072EAC,latest non-withdrawn preprint,2,"[""REC-1CADB59192072EAC"",""REC-BBE0B7CFE2C766EB""]","[""arxiv:2603.28239"",""title_sha256:04f7b7ff780fabf3""]",A Switch-Centric In-Network Architecture for Accelerating LLM Inference in Shared-Memory Network,a switch centric in network architecture for accelerating llm inference in shared memory network,Aojie Jiang; Kang Zhu; Zhiheng Zhang; Zhengxu Su; Juntao Liu; Yuan Du; Li Du,2026,,2603.28239
WORK-EA9F4D3B9BBE30B0,REC-377F6DCA995797F6,latest non-withdrawn preprint,1,"[""REC-377F6DCA995797F6""]","[""arxiv:2603.29002"",""title_sha256:0172be3fd73ca1ed""]",Understand and Accelerate Memory Processing Pipeline for Large Language Model Inference,understand and accelerate memory processing pipeline for large language model inference,Zifan He; Rui Ma; Yizhou Sun; Jason Cong,2026,,2603.29002
WORK-E76CA777606DAE51,REC-1B391A89C0485DFA,latest non-withdrawn preprint,1,"[""REC-1B391A89C0485DFA""]","[""arxiv:2604.04694"",""title_sha256:e95eb430a30b209e""]",Mestra: Exploring Migration on Virtualized CGRAs,mestra exploring migration on virtualized cgras,Agamemnon Kyriazis; Panagiotis Miliadis; Dimitris Theodoropoulos; Nectarios Koziris; Dionisios Pnevmatikatos,2026,,2604.04694
WORK-E8A992F0865B1B47,REC-86EE7D1C5BCC6BE3,latest non-withdrawn preprint,1,"[""REC-86EE7D1C5BCC6BE3""]","[""arxiv:2604.08419"",""title_sha256:d1b4d2c5b64853b9""]",Real-Time Cross-Layer Semantic Error Correction Using Language Models and Software-Defined Radio,real time cross layer semantic error correction using language models and software defined radio,Yuchen Pan; Yuyang Du; Yirun Wang; Shiqi Xu; Lihao Zhang; Soung Chang Liew,2026,,2604.08419
WORK-EF85EA97A7D151CE,REC-E735B0C0CC6BAEC2,latest non-withdrawn preprint,1,"[""REC-E735B0C0CC6BAEC2""]","[""arxiv:2604.10296"",""title_sha256:5fd60006780b740d""]",DBU-OFDM: A Trainable Deep Block-Unitary OFDM Waveform for Integrated Sensing and Communication,dbu ofdm a trainable deep block unitary ofdm waveform for integrated sensing and communication,Cheng Luo; Luping Xiang; Hankun Zhang; Yi Luo; Chen Huang; Yi Zhang; Cheng-Xiang Wang; Kun Yang,2026,,2604.10296
WORK-5B191B16FB75E835,REC-B8F583785D75AE85,latest non-withdrawn preprint,1,"[""REC-B8F583785D75AE85""]","[""arxiv:2604.13933"",""title_sha256:1528b3c3fe0095fe""]",A Case Study on Energy-Efficient Edge AI Crack Segmentation,a case study on energy efficient edge ai crack segmentation,Matthias Tschope; Mohamed Moursi; Vladimir Rybalkin; Bo Zhou; Norbert Wehn; Paul Lukowicz,2026,,2604.13933
WORK-19F5686959A45A24,REC-24F11AD2640DE71D,latest non-withdrawn preprint,1,"[""REC-24F11AD2640DE71D""]","[""arxiv:2604.17097"",""title_sha256:0843b6fc530ea3af""]",From Natural Language to Silicon: The Representation Bottleneck in LLM Hardware Design,from natural language to silicon the representation bottleneck in llm hardware design,Weimin Fu; Zeng Wang; Minghao Shao; Johann Knechtel; Ozgur Sinanoglu; Ramesh Karri; Muhammad Shafique; Xiaolong Guo,2026,,2604.17097
WORK-7E7772B22DCA4C40,REC-39AD7E76048C13F1,latest non-withdrawn preprint,1,"[""REC-39AD7E76048C13F1""]","[""arxiv:2604.19856"",""title_sha256:c89dde0449ea4512""]",ChipCraftBrain: Validation-First RTL Generation via Multi-Agent Orchestration,chipcraftbrain validation first rtl generation via multi agent orchestration,Cagri Eryilmaz,2026,,2604.19856
WORK-B560590AC55EA932,REC-906ABFB35680FA91,latest non-withdrawn preprint,1,"[""REC-906ABFB35680FA91""]","[""arxiv:2604.21290"",""title_sha256:7a7bd1bfce264aa5""]",GraphLeap: Decoupling Graph Construction and Convolution for Vision GNN Acceleration on FPGA,graphleap decoupling graph construction and convolution for vision gnn acceleration on fpga,Anvitha Ramachandran; Dhruv Parikh; Viktor Prasanna,2026,,2604.21290
WORK-26427C11840BF2F5,REC-086BFC4543DB0A77,latest non-withdrawn preprint,1,"[""REC-086BFC4543DB0A77""]","[""arxiv:2604.23880"",""title_sha256:1c8eebb6192c6ea0""]",Coordinated Multipoint Anti-jamming Beam Pattern Synthesis: From AI Accelerated Algorithm to Hardware Implementation,coordinated multipoint anti jamming beam pattern synthesis from ai accelerated algorithm to hardware implementation,Zilong Wang; Cheng Zhang; Zhilei Zhang; Yaxuan Hu; Wen Wang; Yongming Huang,2026,,2604.23880
WORK-30E9FBE10B8E6877,REC-8539603CEC57E49F,latest non-withdrawn preprint,1,"[""REC-8539603CEC57E49F""]","[""arxiv:2605.01935"",""title_sha256:cec315e700afff5f""]",ViM-Q: Scalable Algorithm-Hardware Co-Design for Vision Mamba Model Inference on FPGA,vim q scalable algorithm hardware co design for vision mamba model inference on fpga,Shengzhe Lyu; Yuhan She; Patrick S. Y. Hung; Ray C. C. Cheung; Weitao Xu,2026,,2605.01935
WORK-4299E2401281F0EA,REC-B0C90C8C1FE0E7CF,latest non-withdrawn preprint,1,"[""REC-B0C90C8C1FE0E7CF""]","[""arxiv:2605.05170"",""title_sha256:c7f4b7e3baf9a986""]",Design Conductor 2.0: An agent builds a TurboQuant inference accelerator in 80 hours,design conductor 2 0 an agent builds a turboquant inference accelerator in 80 hours,The Verkor Team; Ravi Krishna; Suresh Krishna; David Chin,2026,,2605.05170
WORK-B0A12ED57DF00C7D,REC-C2EE0783B7B592BD,latest non-withdrawn preprint,1,"[""REC-C2EE0783B7B592BD""]","[""arxiv:2605.05920"",""title_sha256:6024f8920f61a0f4""]",LLM-Driven Design Space Exploration of FPGA-based Accelerators,llm driven design space exploration of fpga based accelerators,Vinamra Sharma; Xingjian Fu; Jude Haris; José Cano,2026,,2605.05920
WORK-37EB9A4023C0A2ED,REC-952DDF542BB99BA4,latest non-withdrawn preprint,1,"[""REC-952DDF542BB99BA4""]","[""arxiv:2605.06052"",""title_sha256:790b0275978d16de""]",XtraMAC: An Efficient MAC Architecture for Mixed-Precision LLM Inference on FPGA,xtramac an efficient mac architecture for mixed precision llm inference on fpga,Feng Yu; Hongshi Tan; Yao Chen; Weng-Fai Wong; Bingsheng He,2026,,2605.06052
WORK-DB653FE81637438C,REC-48C8BD37C529BFD7,latest non-withdrawn preprint,1,"[""REC-48C8BD37C529BFD7""]","[""arxiv:2605.06082"",""title_sha256:e62bf032807f1db6""]",PoTAcc: A Pipeline for End-to-End Acceleration of Power-of-Two Quantized DNNs,potacc a pipeline for end to end acceleration of power of two quantized dnns,Rappy Saha; Jude Haris; Nicolas Bohm Agostini; David Kaeli; José Cano,2026,,2605.06082
WORK-459F6415C294FF89,REC-0030D8D9BECDB48D,latest non-withdrawn preprint,1,"[""REC-0030D8D9BECDB48D""]","[""arxiv:2605.13507"",""title_sha256:76fbe20fb5b0389b""]",Efficient Implementation of an Adaptive Transformer Accelerator for Massive MIMO Outdoor Localization,efficient implementation of an adaptive transformer accelerator for massive mimo outdoor localization,Ilayda Yaman; Sijia Cheng; Ove Edfors; Liang Liu,2026,,2605.13507
WORK-10AC642EACF002E1,REC-FB33D5E71B559051,latest non-withdrawn preprint,2,"[""REC-52B9F62BBB664FC3"",""REC-FB33D5E71B559051""]","[""arxiv:2605.17222"",""title_sha256:5561f1f98f456673""]",Triple-Hoisted Baby-Step Giant-Step Linear Transformation over CKKS Homomorphic Encryption and Hardware Accelerator,triple hoisted baby step giant step linear transformation over ckks homomorphic encryption and hardware accelerator,Sajjad Akherati; Xinmiao Zhang,2026,,2605.17222
WORK-7578E0474097F144,REC-0D2FAB7474469C66,latest non-withdrawn preprint,1,"[""REC-0D2FAB7474469C66""]","[""arxiv:2605.18444"",""title_sha256:a23b37f95118f603""]",Building Reliable Arithmetic Multipliers Under NBTI Aging and Process Variations,building reliable arithmetic multipliers under nbti aging and process variations,Masoud Heidary; Biresh Kumar Joardar,2026,,2605.18444
WORK-4DF889B4362107B9,REC-4B81C38EF3EA8055,latest non-withdrawn preprint,1,"[""REC-4B81C38EF3EA8055""]","[""arxiv:2605.19199"",""title_sha256:9439b2369728ad13""]",Discrete Wavelet Transform for Serial X-ray Crystallography Image Segmentation,discrete wavelet transform for serial x ray crystallography image segmentation,Dionisio Doering; Noemie Claret; Guilherme Paulino; Luca Scomparin; Frederic Poitevin; Eric Darve; Conny Hansson; James Russell; Abhilasha Dave; Lorenzo Rota; Antonino Miceli; Ryan Herbst; Angelo Dragone,2026,,2605.19199
WORK-0D23C125FBBF7BBC,REC-0C1041A492BBE78B,latest non-withdrawn preprint,1,"[""REC-0C1041A492BBE78B""]","[""arxiv:2605.19399"",""title_sha256:2ea484331a89701c""]",HSCO-Bench: An Agent-Driven End-to-End Hardware-Software Co-design Benchmark for Systems-on-Chip,hsco bench an agent driven end to end hardware software co design benchmark for systems on chip,Pei-Huan Tsai; Kuan-Lin Chiu; William Baisi; Pin-Yu Chen; Luca P. Carloni,2026,,2605.19399
WORK-F9BEB64E51C0FD3F,REC-10744E88807F3025,latest non-withdrawn preprint,1,"[""REC-10744E88807F3025""]","[""arxiv:2606.07246"",""title_sha256:ce3fb1f3a975a565""]",MailoHLS: Multi-Adapter Structure-Aware Learning for Pareto-Driven HLS Pragma Optimization,mailohls multi adapter structure aware learning for pareto driven hls pragma optimization,Elena Vouvali; Dimosthenis Masouros; Aggelos Ferikoglou; Dimitrios Soudris; Sotirios Xydis,2026,,2606.07246
WORK-0C5876E71D35C1A4,REC-3997FA16D99A7164,latest non-withdrawn preprint,1,"[""REC-3997FA16D99A7164""]","[""arxiv:2606.11117"",""title_sha256:7da13b1df7d64df0""]",Towards Autonomous Accelerator Design: FPGA Accelerator Generation with SECDA,towards autonomous accelerator design fpga accelerator generation with secda,Vinamra Sharma; Xingjian Fu; Jude Haris; José Cano,2026,,2606.11117
WORK-932D47CAB99B7F0C,REC-02EB72AEF9B113D9,latest non-withdrawn preprint,1,"[""REC-02EB72AEF9B113D9""]","[""arxiv:2606.12556"",""title_sha256:be431b1213951aa2""]",ITME: Inference Tiered Memory Expansion with Disaggregated CXL-Hybrid Memories,itme inference tiered memory expansion with disaggregated cxl hybrid memories,Hakbeom Jang; Younghoon Min; Sunwoong Kim; Taeyoung Ahn; Hanyee Kim; Youngpyo Joo; Hoshik Kim; Jongryool Kim,2026,,2606.12556
WORK-E3C23A5A06FB662D,REC-A0B0390046E2E6F5,latest non-withdrawn preprint,1,"[""REC-A0B0390046E2E6F5""]","[""arxiv:2606.13708"",""title_sha256:97a6d930b9b527b2""]",Tiara: A Programmable Line-Rate ISA for Remote Memory Access,tiara a programmable line rate isa for remote memory access,Bojie Li,2026,,2606.13708
WORK-043BA2068422D2D7,REC-4C1B20A6E3DE81C3,latest non-withdrawn preprint,1,"[""REC-4C1B20A6E3DE81C3""]","[""arxiv:2606.15045"",""title_sha256:2c1f9572a184aeeb""]",NEURON-Fabric: CXL-Side Low-Bit Gradient Aggregation for Distributed Training,neuron fabric cxl side low bit gradient aggregation for distributed training,Ziqiang Wang; Changcheng Huang; Chung-Horng Lung,2026,,2606.15045
WORK-0139482664CC6D3D,REC-72DC5BAC04D90C54,peer-reviewed manifestation; latest version breaks ties,1,"[""REC-72DC5BAC04D90C54""]","[""arxiv:2606.15744"",""title_sha256:abdd75b1c17a8c55""]",Comparative Performance Analysis of NIST PQC Standards: From STM32 Software Limitations to FPGA-SoC Acceleration,comparative performance analysis of nist pqc standards from stm32 software limitations to fpga soc acceleration,Mustafa Akif Yıldırım; Osman Tokluoglu,2026,,2606.15744
WORK-C17F1C5F4F33655A,REC-1C97721CCD37B094,latest non-withdrawn preprint,1,"[""REC-1C97721CCD37B094""]","[""arxiv:2606.16440"",""title_sha256:44f21cd93b5d292c""]",NeuronFabric: A Software Reference Architecture for On-Chip Transformer Training with Local Adam,neuronfabric a software reference architecture for on chip transformer training with local adam,Evgeny Ukladchikov,2026,,2606.16440
WORK-7A99FC1B33CD890B,REC-0EFADB30331858A2,latest non-withdrawn preprint,1,"[""REC-0EFADB30331858A2""]","[""arxiv:2606.17959"",""title_sha256:b7269f091d9b2104""]",A High-Precision Frequency Locking Method Based on All-Phase FFT Demonstrated on a Crystal Oscillator with Rubidium Clock Reference,a high precision frequency locking method based on all phase fft demonstrated on a crystal oscillator with rubidium clock reference,Qibin Zheng; Kang Xu; Jiacheng Yang; Liguo Zhou; Li Ding; Xianfeng Jiang; Zhaohui Bu,2026,,2606.17959
WORK-CDB436B695CE5A3C,REC-C63FAD4BB750FE4C,latest non-withdrawn preprint,1,"[""REC-C63FAD4BB750FE4C""]","[""arxiv:2606.22621"",""title_sha256:5f2c77f4da36afd5""]",Multi-Level Resistive Synapses for On-Chip Neural Networks: A Physics-Based Design of a Memristive Crossbar Fabric with Quasi-Continuous Conductance States,multi level resistive synapses for on chip neural networks a physics based design of a memristive crossbar fabric with quasi continuous conductance states,David Alejandro Trejo Pizzo,2026,,2606.22621
WORK-24598D19210758BA,REC-25D1D3FB6640874F,latest non-withdrawn preprint,1,"[""REC-25D1D3FB6640874F""]","[""arxiv:2606.23541"",""title_sha256:7e4b5441fac610bd""]","HeteroViT: A Versatile Single-Layer Vision Transformer Concept, Co-Designed for Distributed Real-Time Data Reduction on Scientific Detectors",heterovit a versatile single layer vision transformer concept co designed for distributed real time data reduction on scientific detectors,Abhilasha Dave; Weijian Zheng; Antonino Miceli; Dionisio Doering; Ryan Herbst; Angelo Dragone,2026,,2606.23541
WORK-52B6DB71CE1A8E32,REC-922C6E25EEDB6165,latest non-withdrawn preprint,2,"[""REC-63FB82EAD3C7188A"",""REC-922C6E25EEDB6165""]","[""arxiv:2606.27350"",""title_sha256:068402913e43957a""]","CHIA: An open-source framework for principled, agentic AI-driven hardware/software co-design research",chia an open source framework for principled agentic ai driven hardware software co design research,Angela Cui; Ferran Hermida-Rivera; Jack Toubes; Raghav Gupta; Jim Fang; Chengyi Lux Zhang; Ella Schwarz; Junha Kim; Yakun Sophia Shao; Borivoje Nikolic; Christopher W. Fletcher; Sagar Karandikar,2026,,2606.27350
WORK-4D0993E80DC312D2,REC-90FA67A1B637BEA1,latest non-withdrawn preprint,1,"[""REC-90FA67A1B637BEA1""]","[""arxiv:2606.31695"",""title_sha256:b912932ef8a3ef97""]",Intrinsically Stable Spiking Neural Networks: Overcoming the Performance Barrier in the Absence of Batch Normalization,intrinsically stable spiking neural networks overcoming the performance barrier in the absence of batch normalization,Ruichen Ma; Xiaoyang Zhang; Jian Bai; Guanchao Qiao; Liwei Meng; Ning Ning; Yang Liu; Shaogang Hu,2026,,2606.31695
WORK-003EF2CAF21772CA,REC-CC1778CFFA15521D,latest non-withdrawn preprint,1,"[""REC-CC1778CFFA15521D""]","[""arxiv:2606.31938"",""title_sha256:5115f925ce426c1a""]",FlexViT: A Flexible FPGA-based Accelerator for Edge Vision Transformers,flexvit a flexible fpga based accelerator for edge vision transformers,Hubert Dymarkowski; Xingjian Fu; Rappy Saha; Jude Haris; José Cano,2026,,2606.31938
WORK-87033E0A8219A09D,REC-108DD28A7C9AB62D,latest non-withdrawn preprint,1,"[""REC-108DD28A7C9AB62D""]","[""arxiv:2607.00621"",""title_sha256:e8e0f8f7a80101db""]",High-Performance NTT Accelerators for PQC leveraging Unified Redundant Arithmetic and Fine-Tuned Microarchitecture,high performance ntt accelerators for pqc leveraging unified redundant arithmetic and fine tuned microarchitecture,George Alexakis; Dimitrios Schoinianakis; Giorgos Dimitrakopoulos,2026,,2607.00621
WORK-9DBAD599AAE207AE,REC-01720AD4700AA4A1,latest non-withdrawn preprint,1,"[""REC-01720AD4700AA4A1""]","[""arxiv:2607.01798"",""title_sha256:5dc65984b8dcf242""]",Approximate Attention Weighting for Sustainable FPGA-Based Vision Transformer Inference,approximate attention weighting for sustainable fpga based vision transformer inference,Muhammad Usman; Muhammad Akmal Shafique; Shujaat Khan; Dorit Merhof,2026,,2607.01798
WORK-D3E4F7D8ADDAB7E9,REC-DCFB2D3622A71A68,latest non-withdrawn preprint,1,"[""REC-DCFB2D3622A71A68""]","[""arxiv:2607.02376"",""title_sha256:6b0a082ed27df2be""]",Hardware-Enforced Semantic Coordination for Safety-Critical Real-Time Autonomous Systems,hardware enforced semantic coordination for safety critical real time autonomous systems,Uwe M. Borghoff; Paolo Bottoni; Remo Pareschi,2026,,2607.02376
WORK-928EA6B97FB61C3A,REC-C963AD29DE58DB45,latest non-withdrawn preprint,1,"[""REC-C963AD29DE58DB45""]","[""arxiv:2607.03652"",""title_sha256:770be3e0aaa4ff5c""]",ELiTeFormer: An Efficient Transformer for FPGAs,eliteformer an efficient transformer for fpgas,Victor Agostinelli; Nicolas Bohm Agostini; Antonino Tumeo,2026,,2607.03652
WORK-21314B2F4925C448,REC-EA143A4A252C95C7,latest non-withdrawn preprint,1,"[""REC-EA143A4A252C95C7""]","[""arxiv:2607.07597"",""title_sha256:449dbfdada1464a1""]",Quantum Software Engineering in Practice: FPGA and AI Integration for Quantum Certification,quantum software engineering in practice fpga and ai integration for quantum certification,Marcos Guillermo Lammers; José Manuel Suárez; Adrián Pousa; Luis Mariano Bibbó; Alejandro Fernández,2026,,2607.07597
WORK-705E62583203237A,REC-07755277A14E36BC,latest non-withdrawn preprint,1,"[""REC-07755277A14E36BC""]","[""arxiv:2607.07643"",""title_sha256:3ed590e2820cabf9""]",ATLAS: Automated HLS for DL-Optimized FPGAs,atlas automated hls for dl optimized fpgas,Ruthwik Reddy Sunketa; Aman Arora,2026,,2607.07643
WORK-8D9EF9A9E1E53F36,REC-6A586600EEDCB118,peer-reviewed manifestation; latest version breaks ties,1,"[""REC-6A586600EEDCB118""]","[""arxiv:2607.10900"",""doi:10.1007/978-3-031-42467-0_8"",""title_sha256:bc9ada4cdad49aaf""]",Effectiveness of Using Remote Laboratory in Promoting Simulation and Verification Tools,effectiveness of using remote laboratory in promoting simulation and verification tools,Shuowei Li; Rania Hussein,2026,10.1007/978-3-031-42467-0_8,2607.10900
WORK-3CAB3D32CF889A6E,REC-3C1BB60FF7107D12,latest non-withdrawn preprint,1,"[""REC-3C1BB60FF7107D12""]","[""arxiv:2607.11585"",""title_sha256:e2b3a6a16500bd96""]",Machine Learning-Based Reconstruction for Resistive Silicon Sensors,machine learning based reconstruction for resistive silicon sensors,Alexander Aoki; Gaetano Barone; Leena Diehl; Gabriele Giacomini; Vagelis Gkougkousis; Hanshal Goyal; Rohan Kher; Daniel Li; Anna Macchiolo; Yevhenii Padnuik; Daria Senina; Samantha Sunnarborg; Jessica Tang; Alessandro Tricoli; Lixing Wang; Don C. Wong,2026,,2607.11585
WORK-5D14DC009BB4E4B8,REC-26BE38724CE14F44,latest non-withdrawn preprint,1,"[""REC-26BE38724CE14F44""]","[""arxiv:2607.15123"",""title_sha256:36dfb5b1004b835a""]",NIFA: Nonlinear IMC enhanced FPGA for efficient ML inference,nifa nonlinear imc enhanced fpga for efficient ml inference,Jiajun Hu; Ruthwik Reddy Sunketa; Lei Zhao; Archit Gajjar; Luca Buonanno; Aman Arora,2026,,2607.15123
WORK-A2410A6A9D530694,REC-BD77A6758C470A7E,latest non-withdrawn preprint,1,"[""REC-BD77A6758C470A7E""]","[""arxiv:2607.18285"",""title_sha256:f0c4f0986e02e415""]",Edge-Efficient Transformer for End-to-End RF Spectrum Monitoring,edge efficient transformer for end to end rf spectrum monitoring,Zhifan Song; Haralampos-G. Stratigopoulos; Hassan Aboushady,2026,,2607.18285
WORK-0D2A08EACB2F8B91,REC-3D8BAE87506248E2,latest non-withdrawn preprint,1,"[""REC-3D8BAE87506248E2""]","[""arxiv:2607.18533"",""title_sha256:25ecc730c7e9fda4""]",PIP-NTT: Towards a Scalable Memory-Parallelized Accelerator for Iterative NTT in PQC,pip ntt towards a scalable memory parallelized accelerator for iterative ntt in pqc,Malik Imran; Ayesha Khalid; Ciara Rafferty; Safiullah Khan; Muhammad Rashid; Maire O'Neill,2026,,2607.18533
WORK-EE23639BCF888EF2,REC-9293F046B0D112DC,latest non-withdrawn preprint,1,"[""REC-9293F046B0D112DC""]","[""arxiv:2607.21825"",""title_sha256:da7318dbada6bfd7""]",Advances in Wavelet Denoising for Communication Signals: From Parameter Selection Toward Data-Driven Optimization,advances in wavelet denoising for communication signals from parameter selection toward data driven optimization,Priyalakshmi Sheela; Indrakshi Dey,2026,,2607.21825
WORK-40E95001A06B7010,REC-E66ED844D509AC26,peer-reviewed manifestation; latest version breaks ties,1,"[""REC-E66ED844D509AC26""]","[""arxiv:2607.22786"",""doi:10.1142/s2705109925500014"",""title_sha256:b903f002368baa3c""]",Optimizing Transformer Neural Network for Real-Time Outlier Detection on FPGAs,optimizing transformer neural network for real time outlier detection on fpgas,Ilia Sobakinskikh; Paul Alexander Bilokon,2026,10.1142/s2705109925500014,2607.22786
WORK-1BC18618FBC2578A,REC-05CE8CF08628F250,latest non-withdrawn preprint,1,"[""REC-05CE8CF08628F250""]","[""arxiv:2607.24998"",""title_sha256:4de648b887ffc8e2""]",VPR-Evolve: Multi-Agent-Driven Algorithm Evolution for FPGA Place and Route,vpr evolve multi agent driven algorithm evolution for fpga place and route,Qihang Wu; Taizun Jafri; Aman Arora; Vidya A. Chhabria,2026,,2607.24998
WORK-29BB177BBFFA63F4,REC-EAAAF4FE370E17FC,latest non-withdrawn preprint,1,"[""REC-EAAAF4FE370E17FC""]","[""arxiv:2607.25174"",""title_sha256:c07ff867a703d3ab""]",Machine-Learning-Based Waveform Discrimination in the Front-End Electronics of the Belle II Central Drift Chamber for Cross-Talk Noise Reduction,machine learning based waveform discrimination in the front end electronics of the belle ii central drift chamber for cross talk noise reduction,Yun-Tsung Lai; Taichiro Koga; Yu Nakazawa; Nanae Taniguchi; Keisuke Yoshihara,2026,,2607.25174
WORK-264D264CABCBD741,REC-BA4F44A6E9632049,latest non-withdrawn preprint,1,"[""REC-BA4F44A6E9632049""]","[""arxiv:2608.00909"",""title_sha256:cb2697f863da7305""]",FinHardBench: Can LLMs Generate Latency-Aware Hardware for Financial Computing?,finhardbench can llms generate latency aware hardware for financial computing,Weimin Fu; Hejia Zhang; Minghao Shao; Zeng Wang; Johann Knechtel; Ozgur Sinanoglu; Muhammad Shafique; Ramesh Karri; Xiaolong Guo,2026,,2608.00909
WORK-79241B008FBAF547,REC-541008175C865D59,latest non-withdrawn preprint,1,"[""REC-541008175C865D59""]","[""arxiv:2608.03033"",""title_sha256:b36d52e9201388e2""]",Interpolation of Non-Linear Functions for LLMs using Partial Reconfiguration in FPGAs,interpolation of non linear functions for llms using partial reconfiguration in fpgas,Roger Morales-Monge; Nazareth Jimenez-Chacon; Jose Gabriel Villalobos-Alvarado; Luis G. Leon-Vega; Jorge Castro-Godinez,2026,,2608.03033
